identifier,manufacturer,name,category,product_url,image_url,price,net_price,description,delivery_cost,delivery_time	
"7287", "Vans", "UltraRange Pro - Black/White", "Divat és ruházat > Férfi lábbeli > Férfi cipő", "https://coreshop.hu/hu/termek/ultrarange-pro/7287", "https://coreshop.hu/pictures/termekek/7/2/8/7/1_large.jpg", "26990", "21252", "Az UltraRange Pro a Vans család legújabb tagja, formára, kinézetre a 2000-es évek gördeszdeszkás cipőit idézi. Hasított bőr és vászon felsőrésszel rendelkezik, az UltraCush HD talpbetét a kényelemről gondoskodik. Hab a tortán a DURACAP-megerősítés a nagy igénybevételnek kitett felületeken, hogy a tartóssággal se legyen gond.  ", "ingyenes", "1 munkanap" 
"7262", "Vans", "Old Skool Pro - Black/White", "Divat és ruházat > Férfi lábbeli > Férfi cipő", "https://coreshop.hu/hu/termek/old-skool-pro/7262", "https://coreshop.hu/pictures/termekek/7/2/6/2/1_large.jpg", "20990", "16528", "Az Old Skool Pro a klasszikus Old Skool luxus változata. Extrák: UltraCush HD talpbetét a kényelemért, Duracap megerősítés a tartósságért. A felsőrész hasított bőr és textil kombinációja. ", "ingyenes", "1 munkanap" 
"7216", "Vans", "SK8-Hi MTE - Demitasse/Ballistic", "Divat és ruházat > Férfi lábbeli > Férfi cipő", "https://coreshop.hu/hu/termek/sk8-hi-mte/7216", "https://coreshop.hu/pictures/termekek/7/2/1/6/1_large.jpg", "26990", "21252", "Az SK8-Hi MTE a tél gyermeke. Scotchgard bevonattal rendelkező bőr és textil felsőrész, meleg bélés és hőszigetelő réteg a külső és a belső talp között: ezek segítenek abban, hogy a láb száraz és meleg maradjon. Az új fejlesztésű csúszásgátló talp 20 év snowboard tapasztalatát tükrözi,stílus és funkció tökéletes összhangja.", "ingyenes", "1 munkanap" 
"7214", "Vans", "SK8-Hi Reissue Wafflesaw DX - (Surplus Camo) Castor Gray/Black", "Divat és ruházat > Férfi lábbeli > Férfi cipő", "https://coreshop.hu/hu/termek/sk8-hi-reissue-wafflesaw-dx/7214", "https://coreshop.hu/pictures/termekek/7/2/1/4/1_large.jpg", "24990", "19677", "", "ingyenes", "1 munkanap" 
"7213", "Vans", "Atwood Hi - (Leather) Dress Blues/Marshmallow", "Divat és ruházat > Férfi lábbeli > Férfi cipő", "https://coreshop.hu/hu/termek/atwood-hi/7213", "https://coreshop.hu/pictures/termekek/7/2/1/3/1_large.jpg", "20990", "16528", "Az Atwood Hi jellemzői a bőr magasszár, fém bújtatók, párnázott nyelv, vulkanizált talpszerkezet és a jellegzetes Vans ostya mintázat a járótalpon.", "ingyenes", "1 munkanap" 
"7211", "Vans", "Chapman Mid - (Leather) Black/True White", "Divat és ruházat > Férfi lábbeli > Férfi cipő", "https://coreshop.hu/hu/termek/chapman-mid/7211", "https://coreshop.hu/pictures/termekek/7/2/1/1/1_large.jpg", "20990", "16528", "", "ingyenes", "1 munkanap" 
"7210", "Vans", "Chapman Mid - (Leather) Tan/True white", "Divat és ruházat > Férfi lábbeli > Férfi cipő", "https://coreshop.hu/hu/termek/chapman-mid/7210", "https://coreshop.hu/pictures/termekek/7/2/1/0/1_large.jpg", "20990", "16528", "", "ingyenes", "1 munkanap" 
"7209", "Vans", "Old Skool - (Classic Tumble) Black/True White", "Divat és ruházat > Férfi lábbeli > Férfi cipő", "https://coreshop.hu/hu/termek/old-skool/7209", "https://coreshop.hu/pictures/termekek/7/2/0/9/1_large.jpg", "20990", "16528", "Az Old Skool-on jelent meg először a klasszikus oldalcsík, amely mára már a Vans cipők védjegyévé vált. Esztétikus megjelenése mellett nagyfokú tartósság jellemzi az Old Skool-t, amit már évtizedek óta gördeszkások generációi koptatnak. Legyél Te is boldog Old Skool tulajdonos! Felsőrész anyaga: szintetikus bőr, 100% vegán.", "ingyenes", "1 munkanap" 
"7183", "Vans", "Thrasher SK8-Hi - Black/Gum", "Divat és ruházat > Férfi lábbeli > Férfi cipő", "https://coreshop.hu/hu/termek/thrasher-sk8-hi/7183", "https://coreshop.hu/pictures/termekek/7/1/8/3/1_large.jpg", "22990", "18102", "Az ikonikus Thrasher logóval ellátott SK8-Hi a Thrasher Magazine gördeszkázás területén elért megkérdőjelezhetetlen öröksége előtt tiszteleg. Felsőrész anyaga: velúr bőr és strapabíró vászon kombinációja. ", "ingyenes", "1 munkanap" 
"7182", "Vans", "ISO 1.5 - (Reflective) Black", "Divat és ruházat > Férfi lábbeli > Férfi cipő", "https://coreshop.hu/hu/termek/iso-1.5/7182", "https://coreshop.hu/pictures/termekek/7/1/8/2/1_large.jpg", "24990", "19677", "", "ingyenes", "1 munkanap" 
"7151", "Vans", "TNT SG - Black/White", "Divat és ruházat > Férfi lábbeli > Férfi cipő", "https://coreshop.hu/hu/termek/tnt-sg/7151", "https://coreshop.hu/pictures/termekek/7/1/5/1/1_large.jpg", "19990", "15740", "", "ingyenes", "1 munkanap" 
"7150", "Vans", "TNT SG - Tibetan Red", "Divat és ruházat > Férfi lábbeli > Férfi cipő", "https://coreshop.hu/hu/termek/tnt-sg/7150", "https://coreshop.hu/pictures/termekek/7/1/5/0/1_large.jpg", "19990", "15740", "", "ingyenes", "1 munkanap" 
"7148", "Vans", "Old Skool Pro - Black/Gum/Gum", "Divat és ruházat > Férfi lábbeli > Férfi cipő", "https://coreshop.hu/hu/termek/old-skool-pro/7148", "https://coreshop.hu/pictures/termekek/7/1/4/8/1_large.jpg", "20990", "16528", "Az Old Skool Pro a klasszikus Old Skool luxus változata. Extrák: UltraCush HD talpbetét a kényelemért, Duracap megerősítés a tartósságért. A felsőrész hasított bőr és textil kombinációja.", "ingyenes", "1 munkanap" 
"7147", "Vans", "Old Skool Pro - Navy/White", "Divat és ruházat > Férfi lábbeli > Férfi cipő", "https://coreshop.hu/hu/termek/old-skool-pro/7147", "https://coreshop.hu/pictures/termekek/7/1/4/7/1_large.jpg", "20990", "16528", "Az Old Skool Pro a klasszikus Old Skool luxus változata. Extrák: UltraCush HD talpbetét a kényelemért, Duracap megerősítés a tartósságért. A felsőrész hasított bőr és textil kombinációja.", "ingyenes", "1 munkanap" 
"7146", "Vans", "Old Skool Pro - (2-Tone) Madder Brown/Cinnabar", "Divat és ruházat > Férfi lábbeli > Férfi cipő", "https://coreshop.hu/hu/termek/old-skool-pro/7146", "https://coreshop.hu/pictures/termekek/7/1/4/6/1_large.jpg", "20990", "16528", "Az Old Skool Pro a klasszikus Old Skool luxus változata. Extrák: UltraCush HD talpbetét a kényelemért, Duracap megerősítés a tartósságért. A felsőrész hasított bőr és textil kombinációja.", "ingyenes", "1 munkanap" 
"7145", "Vans", "Old Skool - (Suede) Teak/Black", "Divat és ruházat > Férfi lábbeli > Férfi cipő", "https://coreshop.hu/hu/termek/old-skool/7145", "https://coreshop.hu/pictures/termekek/7/1/4/5/1_large.jpg", "20990", "16528", "Az Old Skool-on jelent meg először a klasszikus oldalcsík, amely mára már a Vans cipők védjegyévé vált. Esztétikus megjelenése mellett nagyfokú tartósság jellemzi az Old Skool-t, amit már évtizedek óta gördeszkások generációi koptatnak. Legyél Te is boldog Old Skool tulajdonos! Felsőrész anyaga: velúr bőr. ", "ingyenes", "1 munkanap" 
"7143", "Vans", "Old Skool - Winter Moss/True White", "Divat és ruházat > Férfi lábbeli > Férfi cipő", "https://coreshop.hu/hu/termek/old-skool/7143", "https://coreshop.hu/pictures/termekek/7/1/4/3/1_large.jpg", "19990", "15740", "Az Old Skool-on jelent meg először a klasszikus oldalcsík, amely mára már a Vans cipők védjegyévé vált. Esztétikus megjelenése mellett nagyfokú tartósság jellemzi az Old Skool-t, amit már évtizedek óta gördeszkások generációi koptatnak. Legyél Te is boldog Old Skool tulajdonos! Felsőrész anyaga: orr és sarok rész velúr bőr, oldalsó panel textil.", "ingyenes", "1 munkanap" 
"7142", "Vans", "Old Skool - Madder Brown/True White", "Divat és ruházat > Férfi lábbeli > Férfi cipő", "https://coreshop.hu/hu/termek/old-skool/7142", "https://coreshop.hu/pictures/termekek/7/1/4/2/1_large.jpg", "19990", "15740", "Az Old Skool-on jelent meg először a klasszikus oldalcsík, amely mára már a Vans cipők védjegyévé vált. Esztétikus megjelenése mellett nagyfokú tartósság jellemzi az Old Skool-t, amit már évtizedek óta gördeszkások generációi koptatnak. Legyél Te is boldog Old Skool tulajdonos! Felsőrész anyaga: orr és sarok rész velúr bőr, oldalsó panel textil", "ingyenes", "1 munkanap" 
"7141", "Vans", "Kyle Walker Pro - Navy/White", "Divat és ruházat > Férfi lábbeli > Férfi cipő", "https://coreshop.hu/hu/termek/kyle-walker-pro/7141", "https://coreshop.hu/pictures/termekek/7/1/4/1/1_large.jpg", "20990", "16528", "", "ingyenes", "1 munkanap" 
"7140", "Vans", "Kyle Walker Pro - Black/Tibetan Red", "Divat és ruházat > Férfi lábbeli > Férfi cipő", "https://coreshop.hu/hu/termek/kyle-walker-pro/7140", "https://coreshop.hu/pictures/termekek/7/1/4/0/1_large.jpg", "20990", "16528", "", "ingyenes", "1 munkanap" 
"7139", "Vans", "AV RapidWeld Pro - Ermine/Black", "Divat és ruházat > Férfi lábbeli > Férfi cipő", "https://coreshop.hu/hu/termek/av-rapidweld-pro/7139", "https://coreshop.hu/pictures/termekek/7/1/3/9/1_large.jpg", "24990", "19677", "", "ingyenes", "1 munkanap" 
"7137", "Vans", "Style 112 Pro - Black/Black/White", "Divat és ruházat > Férfi lábbeli > Férfi cipő", "https://coreshop.hu/hu/termek/style-112-pro/7137", "https://coreshop.hu/pictures/termekek/7/1/3/7/1_large.jpg", "17990", "14165", "", "ingyenes", "1 munkanap" 
"7136", "Vans", "Style 112 Mid Pro - (Dakota Roche) Black/Glazed Ginger", "Divat és ruházat > Férfi lábbeli > Férfi cipő", "https://coreshop.hu/hu/termek/style-112-mid-pro/7136", "https://coreshop.hu/pictures/termekek/7/1/3/6/1_large.jpg", "20990", "16528", "", "ingyenes", "1 munkanap" 
"7135", "Vans", "Half Cab Pro - Winter Moss/Black", "Divat és ruházat > Férfi lábbeli > Férfi cipő", "https://coreshop.hu/hu/termek/half-cab-pro/7135", "https://coreshop.hu/pictures/termekek/7/1/3/5/1_large.jpg", "21990", "17315", "", "ingyenes", "1 munkanap" 
"7134", "Vans", "Half Cab Pro - Black/Black/White", "Divat és ruházat > Férfi lábbeli > Férfi cipő", "https://coreshop.hu/hu/termek/half-cab-pro/7134", "https://coreshop.hu/pictures/termekek/7/1/3/4/1_large.jpg", "21990", "17315", "", "ingyenes", "1 munkanap" 
"7133", "Vans", "Gilbert Crockett 2 Pro - Gunmetal/Gum", "Divat és ruházat > Férfi lábbeli > Férfi cipő", "https://coreshop.hu/hu/termek/gilbert-crockett-2-pro/7133", "https://coreshop.hu/pictures/termekek/7/1/3/3/1_large.jpg", "20990", "16528", "", "ingyenes", "1 munkanap" 
"7132", "Vans", "SK8-Hi Pro - Black/White", "Divat és ruházat > Férfi lábbeli > Férfi cipő", "https://coreshop.hu/hu/termek/sk8-hi-pro/7132", "https://coreshop.hu/pictures/termekek/7/1/3/2/1_large.jpg", "21990", "17315", "", "ingyenes", "1 munkanap" 
"7131", "Vans", "SK8-Hi - Madder Brown/True White", "Divat és ruházat > Férfi lábbeli > Férfi cipő", "https://coreshop.hu/hu/termek/sk8-hi/7131", "https://coreshop.hu/pictures/termekek/7/1/3/1/1_large.jpg", "21990", "17315", "A Vans legendás magas szárú cipőinek eme kultikus tagja hozta be elsőként a valódi sportcipők stabilitását a gördeszkázás világába. A SK8-Hi igen népszerű modell lett, deszkások, zenészek, művészek és az ellenkultúra követőinek kedvence. Felsőrész anyaga: velúr bőr és vászon kombinációja.", "ingyenes", "1 munkanap" 
"7130", "Vans", "Sanction - (Canvas) Black/White", "Divat és ruházat > Férfi lábbeli > Férfi cipő", "https://coreshop.hu/hu/termek/sanction/7130", "https://coreshop.hu/pictures/termekek/7/1/3/0/1_large.jpg", "17990", "14165", "", "ingyenes", "1 munkanap" 
"7129", "Vans", "Chukka Low - Rich Navy/Gum", "Divat és ruházat > Férfi lábbeli > Férfi cipő", "https://coreshop.hu/hu/termek/chukka-low/7129", "https://coreshop.hu/pictures/termekek/7/1/2/9/1_large.jpg", "19990", "15740", "", "ingyenes", "1 munkanap" 
"7128", "Vans", "Chukka Low - (Denim) Black/Black", "Divat és ruházat > Férfi lábbeli > Férfi cipő", "https://coreshop.hu/hu/termek/chukka-low/7128", "https://coreshop.hu/pictures/termekek/7/1/2/8/1_large.jpg", "19990", "15740", "", "ingyenes", "1 munkanap" 
"7127", "Vans", "SK8-Hi - Navy", "Divat és ruházat > Férfi lábbeli > Férfi cipő", "https://coreshop.hu/hu/termek/sk8-hi/7127", "https://coreshop.hu/pictures/termekek/7/1/2/7/1_large.jpg", "20990", "16528", "A Vans legendás magas szárú cipőinek eme kultikus tagja hozta be elsőként a valódi sportcipők stabilitását a gördeszkázás világába. A SK8-Hi igen népszerű modell lett, deszkások, zenészek, művészek és az ellenkultúra követőinek kedvence. Felsőrész anyaga: velúr bőr és vászon kombinációja.", "ingyenes", "1 munkanap" 
"7126", "Vans", "Atwood - (F17 Camo) Gray/White", "Divat és ruházat > Férfi lábbeli > Férfi cipő", "https://coreshop.hu/hu/termek/atwood/7126", "https://coreshop.hu/pictures/termekek/7/1/2/6/1_large.jpg", "16990", "13378", "", "ingyenes", "1 munkanap" 
"7125", "Vans", "Atwood - (F17 Camo) Green/White", "Divat és ruházat > Férfi lábbeli > Férfi cipő", "https://coreshop.hu/hu/termek/atwood/7125", "https://coreshop.hu/pictures/termekek/7/1/2/5/1_large.jpg", "16990", "13378", "", "ingyenes", "1 munkanap" 
"7124", "Vans", "Atwood - (2-Tone) Black/Gum", "Divat és ruházat > Férfi lábbeli > Férfi cipő", "https://coreshop.hu/hu/termek/atwood/7124", "https://coreshop.hu/pictures/termekek/7/1/2/4/1_large.jpg", "16990", "13378", "", "ingyenes", "1 munkanap" 
"7123", "Vans", "Atwood - (2-Tone) Blue/Gum", "Divat és ruházat > Férfi lábbeli > Férfi cipő", "https://coreshop.hu/hu/termek/atwood/7123", "https://coreshop.hu/pictures/termekek/7/1/2/3/1_large.jpg", "16990", "13378", "", "ingyenes", "1 munkanap" 
"7122", "Vans", "Atwood - (2-Tone) Burgundy/Gum", "Divat és ruházat > Férfi lábbeli > Férfi cipő", "https://coreshop.hu/hu/termek/atwood/7122", "https://coreshop.hu/pictures/termekek/7/1/2/2/1_large.jpg", "16990", "13378", "", "ingyenes", "1 munkanap" 
"7074", "Vans", "Thrasher Slip-On Pro - (Thrasher) Black", "Divat és ruházat > Férfi lábbeli > Férfi cipő", "https://coreshop.hu/hu/termek/thrasher-slip-on-pro/7074", "https://coreshop.hu/pictures/termekek/7/0/7/4/1_large.jpg", "19990", "15740", "", "ingyenes", "1 munkanap" 
"7073", "Vans", "Thrasher SK8-Hi Pro - (Thrasher) Black", "Divat és ruházat > Férfi lábbeli > Férfi cipő", "https://coreshop.hu/hu/termek/thrasher-sk8-hi-pro/7073", "https://coreshop.hu/pictures/termekek/7/0/7/3/1_large.jpg", "22990", "18102", "Az ikonikus Thrasher logóval ellátott SK8-Hi a Thrasher Magazine gördeszkázás területén elért megkérdőjelezhetetlen öröksége előtt tiszteleg. Felsőrész anyaga: strapabíró vászon.", "ingyenes", "1 munkanap" 
"7041", "Vans", "Atwood - (Textile) Black/Hawaiian Ocean", "Divat és ruházat > Férfi lábbeli > Férfi cipő", "https://coreshop.hu/hu/termek/atwood/7041", "https://coreshop.hu/pictures/termekek/7/0/4/1/1_large.jpg", "16990", "13378", "Az Atwood a Vans örökség legsikeresebb stílusát követi, tartós és kényelmes, ellenáll a legdurvább igénybevételnek is.", "ingyenes", "1 munkanap" 
"7039", "Vans", "ISO 1.5 - (Pop) Delft", "Divat és ruházat > Férfi lábbeli > Férfi cipő", "https://coreshop.hu/hu/termek/iso-1.5/7039", "https://coreshop.hu/pictures/termekek/7/0/3/9/1_large.jpg", "17990", "14165", "", "ingyenes", "1 munkanap" 
"7038", "Vans", "ISO 1.5 - (Pop) Racing Red", "Divat és ruházat > Férfi lábbeli > Férfi cipő", "https://coreshop.hu/hu/termek/iso-1.5/7038", "https://coreshop.hu/pictures/termekek/7/0/3/8/1_large.jpg", "17990", "14165", "", "ingyenes", "1 munkanap" 
"7037", "Vans", "Old Skool Lite - (Suede/Canvas)  Pewter", "Divat és ruházat > Férfi lábbeli > Férfi cipő", "https://coreshop.hu/hu/termek/old-skool-lite/7037", "https://coreshop.hu/pictures/termekek/7/0/3/7/1_large.jpg", "20990", "16528", "Az Old Skool Lite a klasszikus Old Skool újragondolt változata. Modern tervezési elvek segítségével fejlesztették ki az új szabást, növelték a kényelemérzetet, miközben lényegesen sikerült csökkenteni a cipő súlyát is. A megszokott és szeretett külső változatlan, de egész más érzés viselni, köszönhetően az ActionFit sarokrésznek  és az  UltraCush Lite talpnak. (bőr és textil felsőrész)", "ingyenes", "1 munkanap" 
"7035", "Vans", "Atwood - (F17 C&L) Black/White", "Divat és ruházat > Férfi lábbeli > Férfi cipő", "https://coreshop.hu/hu/termek/atwood/7035", "https://coreshop.hu/pictures/termekek/7/0/3/5/1_large.jpg", "17990", "14165", "Az Atwood a Vans örökség legsikeresebb stílusát követi, tartós és kényelmes, ellenáll a legdurvább igénybevételnek is.", "ingyenes", "1 munkanap" 
"7034", "Vans", "Atwood - (F17 C&L) Burgundy/White", "Divat és ruházat > Férfi lábbeli > Férfi cipő", "https://coreshop.hu/hu/termek/atwood/7034", "https://coreshop.hu/pictures/termekek/7/0/3/4/1_large.jpg", "17990", "14165", "Az Atwood a Vans örökség legsikeresebb stílusát követi, tartós és kényelmes, ellenáll a legdurvább igénybevételnek is.", "ingyenes", "1 munkanap" 
"6957", "Vans", "AV RapidWeld Pro Lite - Port Royale", "Divat és ruházat > Férfi lábbeli > Férfi cipő", "https://coreshop.hu/hu/termek/av-rapidweld-pro-lite/6957", "https://coreshop.hu/pictures/termekek/6/9/5/7/1_large.jpg", "24990", "19677", "", "ingyenes", "1 munkanap" 
"6956", "Vans", "AV RapidWeld Pro - White/Gum", "Divat és ruházat > Férfi lábbeli > Férfi cipő", "https://coreshop.hu/hu/termek/av-rapidweld-pro/6956", "https://coreshop.hu/pictures/termekek/6/9/5/6/1_large.jpg", "18990", "14953", "", "ingyenes", "1 munkanap" 
"6951", "Vans", "Authentic Lite - (Canvas) Black/White", "Divat és ruházat > Férfi lábbeli > Férfi cipő", "https://coreshop.hu/hu/termek/authentic-lite/6951", "https://coreshop.hu/pictures/termekek/6/9/5/1/1_large.jpg", "17990", "14165", "", "ingyenes", "1 munkanap" 
"6950", "Vans", "Era 59 - (Neon Leather) Dress Blues/Neon Red", "Divat és ruházat > Férfi lábbeli > Férfi cipő", "https://coreshop.hu/hu/termek/era-59/6950", "https://coreshop.hu/pictures/termekek/6/9/5/0/1_large.jpg", "12990", "10228", "", "ingyenes", "1 munkanap" 
"6949", "Vans", "Era 59 - (Neon Leather) Black/Neon Yellow", "Divat és ruházat > Férfi lábbeli > Férfi cipő", "https://coreshop.hu/hu/termek/era-59/6949", "https://coreshop.hu/pictures/termekek/6/9/4/9/1_large.jpg", "12990", "10228", "", "ingyenes", "1 munkanap" 
"6866", "Vans", "Gilbert Crockett 2 Pro - Antique/Navy", "Divat és ruházat > Férfi lábbeli > Férfi cipő", "https://coreshop.hu/hu/termek/gilbert-crockett-2-pro/6866", "https://coreshop.hu/pictures/termekek/6/8/6/6/1_large.jpg", "20990", "16528", "", "ingyenes", "1 munkanap" 
"6865", "Vans", "Chapman Lite - (Mesh) Light Gray/White", "Divat és ruházat > Férfi lábbeli > Férfi cipő", "https://coreshop.hu/hu/termek/chapman-lite/6865", "https://coreshop.hu/pictures/termekek/6/8/6/5/1_large.jpg", "12990", "10228", "", "ingyenes", "1 munkanap" 
"6864", "Vans", "Chapman Lite - (Mesh) Imperial Blue", "Divat és ruházat > Férfi lábbeli > Férfi cipő", "https://coreshop.hu/hu/termek/chapman-lite/6864", "https://coreshop.hu/pictures/termekek/6/8/6/4/1_large.jpg", "12990", "10228", "", "ingyenes", "1 munkanap" 
"6863", "Vans", "Winston - (C&L) Chili Pepper", "Divat és ruházat > Férfi lábbeli > Férfi cipő", "https://coreshop.hu/hu/termek/winston/6863", "https://coreshop.hu/pictures/termekek/6/8/6/3/1_large.jpg", "13990", "11016", "", "ingyenes", "1 munkanap" 
"6862", "Vans", "Winston - (C&L) Dark Slate", "Divat és ruházat > Férfi lábbeli > Férfi cipő", "https://coreshop.hu/hu/termek/winston/6862", "https://coreshop.hu/pictures/termekek/6/8/6/2/1_large.jpg", "13990", "11016", "", "ingyenes", "1 munkanap" 
"6860", "Vans", "Chapman Stripe - (Suede Canvas) Black/White", "Divat és ruházat > Férfi lábbeli > Férfi cipő", "https://coreshop.hu/hu/termek/chapman-stripe/6860", "https://coreshop.hu/pictures/termekek/6/8/6/0/1_large.jpg", "17990", "14165", "", "ingyenes", "1 munkanap" 
"6852", "Vans", "Old Skool - French Blue/True White", "Divat és ruházat > Férfi lábbeli > Férfi cipő", "https://coreshop.hu/hu/termek/old-skool/6852", "https://coreshop.hu/pictures/termekek/6/8/5/2/1_large.jpg", "17990", "14165", "Az Old Skool-on jelent meg először a klasszikus oldalcsík, amely mára már a Vans cipők védjegyévé vált. Esztétikus megjelenése mellett nagyfokú tartósság jellemzi az Old Skool-t, amit már évtizedek óta gördeszkások generációi koptatnak. Legyél Te is boldog Old Skool tulajdonos! Felsőrész anyaga: orr és sarok rész velúr bőr, oldalsó panel textil", "ingyenes", "1 munkanap" 
"6851", "Vans", "Old Skool - Drizzle/Sangria", "Divat és ruházat > Férfi lábbeli > Férfi cipő", "https://coreshop.hu/hu/termek/old-skool/6851", "https://coreshop.hu/pictures/termekek/6/8/5/1/1_large.jpg", "17990", "14165", "Az Old Skool-on jelent meg először a klasszikus oldalcsík, amely mára már a Vans cipők védjegyévé vált. Esztétikus megjelenése mellett nagyfokú tartósság jellemzi az Old Skool-t, amit már évtizedek óta gördeszkások generációi koptatnak. Legyél Te is boldog Old Skool tulajdonos! Felsőrész anyaga: orr és sarok rész velúr bőr, oldalsó panel textil", "ingyenes", "1 munkanap" 
"6801", "Vans", "ISO 1.5 - (Mesh) French Blue", "Divat és ruházat > Férfi lábbeli > Férfi cipő", "https://coreshop.hu/hu/termek/iso-1.5/6801", "https://coreshop.hu/pictures/termekek/6/8/0/1/1_large.jpg", "13990", "11016", "Az Iso 1.5 felsőrésze az ActionFit™ technológia köré épül, a felhasznált anyagok pedig a minimalizmus jegyében kerültek kiválasztásra, így jön létre egy extrém könnyű, egyben hajlékony felsőrész, maximális komfortérzetet nyújtva. Az egész egy UltraCush™ Lite talpon csücsül, így egész nap örülhetünk pillekönnyű és kényelmes cipőnknek.", "ingyenes", "1 munkanap" 
"6798", "Vans", "Old Skool - (Canvas) Dark Slate/True White", "Divat és ruházat > Férfi lábbeli > Férfi cipő", "https://coreshop.hu/hu/termek/old-skool/6798", "https://coreshop.hu/pictures/termekek/6/7/9/8/1_large.jpg", "17990", "14165", "Az Old Skool-on jelent meg először a klasszikus oldalcsík, amely mára már a Vans cipők védjegyévé vált. Esztétikus megjelenése mellett nagyfokú tartósság jellemzi az Old Skool-t, amit már évtizedek óta gördeszkások generációi koptatnak.", "ingyenes", "1 munkanap" 
"6787", "Vans", "Kyle Walker Pro - Zephyr", "Divat és ruházat > Férfi lábbeli > Férfi cipő", "https://coreshop.hu/hu/termek/kyle-walker-pro/6787", "https://coreshop.hu/pictures/termekek/6/7/8/7/1_large.jpg", "20990", "16528", "Bemutatkozik a teljesen új Vans Kyle Walker Pro, az első termék, amely a profi pályafutásának kezdetén járó Kyle Walker nevével fémjelzett. Hasított bőr és vászon felsőrésszel rendelkezik, ám az igazi különlegesség az UltraCush HD rezgéscsillapítással rendelkező betét – amely a láb és a deszka távolságát minimalizálja, a lehető legmagasabb szintű rezgéscsillapítás mellett - , valamint a forradalmi Wafflecup-felépítés, ami az egy darabból formázott talpszerkezet stabilitását ötvözi hagyományos vulkanizált szerkezet tapadásával. A hab a tortán a DURACAP-megerősítés a nagy igénybevételnek kitett felületeken, hogy a tartóssággal se legyen gond.", "ingyenes", "1 munkanap" 
"6786", "Vans", "Kyle Walker Pro - Black/White/Gum", "Divat és ruházat > Férfi lábbeli > Férfi cipő", "https://coreshop.hu/hu/termek/kyle-walker-pro/6786", "https://coreshop.hu/pictures/termekek/6/7/8/6/1_large.jpg", "20990", "16528", "Bemutatkozik a teljesen új Vans Kyle Walker Pro, az első termék, amely a profi pályafutásának kezdetén járó Kyle Walker nevével fémjelzett. Hasított bőr és vászon felsőrésszel rendelkezik, ám az igazi különlegesség az UltraCush HD rezgéscsillapítással rendelkező betét – amely a láb és a deszka távolságát minimalizálja, a lehető legmagasabb szintű rezgéscsillapítás mellett - , valamint a forradalmi Wafflecup-felépítés, ami az egy darabból formázott talpszerkezet stabilitását ötvözi hagyományos vulkanizált szerkezet tapadásával. A hab a tortán a DURACAP-megerősítés a nagy igénybevételnek kitett felületeken, hogy a tartóssággal se legyen gond.", "ingyenes", "1 munkanap" 
"6785", "Vans", "Gilbert Crockett 2 Pro - Black/White", "Divat és ruházat > Férfi lábbeli > Férfi cipő", "https://coreshop.hu/hu/termek/gilbert-crockett-2-pro/6785", "https://coreshop.hu/pictures/termekek/6/7/8/5/1_large.jpg", "20990", "16528", "A Vans Gilbert Crockett signature Crockett Pro 2 hasítottbőr és vászon felsőrésszel, valamint megerősített sarokkal készül. Az UltraCush HD betét elég vékony ahhoz, hogy a lábat a lehető legközelebb tartsa deszkához, miközben maximális csillapítást biztosít. A forradalmi Wafflecup-konstrukció az egy darabból öntött talp merevségét ötvözi a vulkanizált szerkezetek tapadásával. További jellemző még a DURACAP-erősítés a nagy igénybevételnek kitett felületeken, így lesz cipőnk az utolsó szó a strapabíróság terén. ", "ingyenes", "1 munkanap" 
"6783", "Vans", "Atwood - (S17 Textile) Gray/Blue", "Divat és ruházat > Férfi lábbeli > Férfi cipő", "https://coreshop.hu/hu/termek/atwood/6783", "https://coreshop.hu/pictures/termekek/6/7/8/3/1_large.jpg", "13990", "11016", "Az Atwood a Vans örökség legsikeresebb stílusát követi, tartós és kényelmes, ellenáll a legdurvább igénybevételnek is.", "ingyenes", "1 munkanap" 
"6782", "Vans", "Atwood - (Canvas) Blue Ashes/White", "Divat és ruházat > Férfi lábbeli > Férfi cipő", "https://coreshop.hu/hu/termek/atwood/6782", "https://coreshop.hu/pictures/termekek/6/7/8/2/1_large.jpg", "12990", "10228", "Az Atwood a Vans örökség legsikeresebb stílusát követi, tartós és kényelmes, ellenáll a legdurvább igénybevételnek is.
", "ingyenes", "1 munkanap" 
"6781", "Vans", "Atwood - (Canvas) Oxblood/White", "Divat és ruházat > Férfi lábbeli > Férfi cipő", "https://coreshop.hu/hu/termek/atwood/6781", "https://coreshop.hu/pictures/termekek/6/7/8/1/1_large.jpg", "12990", "10228", "Az Atwood a Vans örökség legsikeresebb stílusát követi, tartós és kényelmes, ellenáll a legdurvább igénybevételnek is.", "ingyenes", "1 munkanap" 
"6772", "Vans", "Old Skool - (Suede/Canvas) Imperial Blue/True White", "Divat és ruházat > Férfi lábbeli > Férfi cipő", "https://coreshop.hu/hu/termek/old-skool/6772", "https://coreshop.hu/pictures/termekek/6/7/7/2/1_large.jpg", "19990", "15740", "Az Old Skool-on jelent meg először a klasszikus oldalcsík, amely mára már a Vans cipők védjegyévé vált. Esztétikus megjelenése mellett nagyfokú tartósság jellemzi az Old Skool-t, amit már évtizedek óta gördeszkások generációi koptatnak. Legyél Te is boldog Old Skool tulajdonos! Felsőrész anyaga: orr és sarok rész velúr bőr, oldalsó panel textil.", "ingyenes", "1 munkanap" 
"6771", "Vans", "Old Skool - (Suede/Canvas) Ultramarine Green/True White", "Divat és ruházat > Férfi lábbeli > Férfi cipő", "https://coreshop.hu/hu/termek/old-skool/6771", "https://coreshop.hu/pictures/termekek/6/7/7/1/1_large.jpg", "19990", "15740", "Az Old Skool-on jelent meg először a klasszikus oldalcsík, amely mára már a Vans cipők védjegyévé vált. Esztétikus megjelenése mellett nagyfokú tartósság jellemzi az Old Skool-t, amit már évtizedek óta gördeszkások generációi koptatnak. Legyél Te is boldog Old Skool tulajdonos! Felsőrész anyaga: orr és sarok rész velúr bőr, oldalsó panel textil.", "ingyenes", "1 munkanap" 
"6765", "Vans", "Freshness Authentic - Boom City/True White", "Divat és ruházat > Férfi lábbeli > Férfi cipő", "https://coreshop.hu/hu/termek/freshness-authentic/6765", "https://coreshop.hu/pictures/termekek/6/7/6/5/1_large.jpg", "13990", "11016", "A Vans története, kapcsolata a gördeszkás és szörfös kultúrával 1966-ban kezdődött Dél-Kaliforniában. Ekkor látott napvilágot az első Vans cipő az Authentic, mely generációk óta töretlen népszerűségnek örvend a core skaterek és a stílussal szimpatizálók körében egyaránt, köszönhetően az egyszerű de stílusos megjelenésének.", "ingyenes", "1 munkanap" 
"6764", "Vans", "Freshness Authentic - Mixed Tape/True White", "Divat és ruházat > Férfi lábbeli > Férfi cipő", "https://coreshop.hu/hu/termek/freshness-authentic/6764", "https://coreshop.hu/pictures/termekek/6/7/6/4/1_large.jpg", "13990", "11016", "A Vans története, kapcsolata a gördeszkás és szörfös kultúrával 1966-ban kezdődött Dél-Kaliforniában. Ekkor látott napvilágot az első Vans cipő az Authentic, mely generációk óta töretlen népszerűségnek örvend a core skaterek és a stílussal szimpatizálók körében egyaránt, köszönhetően az egyszerű de stílusos megjelenésének.", "ingyenes", "1 munkanap" 
"6758", "Vans", "Chukka Low - French Roast/White/Red", "Divat és ruházat > Férfi lábbeli > Férfi cipő", "https://coreshop.hu/hu/termek/chukka-low/6758", "https://coreshop.hu/pictures/termekek/6/7/5/8/1_large.jpg", "15990", "12591", "A Chukka Low a Vans-csapat legújabb fejlesztése; olyan klasszikusok inspirálták, mint az Authentic vagy a Chukka Boot. Szarvasbőr és szövet felsőrész; Vans-jellegzetesség Waffle (ostya) járótalp a jó tapadásért;  rezgéscsillapító és kényelmes UltraCush  HD betét; Pro Vulc felépítés: ez mind-mind a Chukka Low, az eredmény pedig egy cipő, ami a legtöbbet nyújtja a komfort, védelem, hajlékonyság és tapadás terén.", "ingyenes", "1 munkanap" 
"6735", "Vans", "ISO 1.5 - (Mesh) Asphalt", "Divat és ruházat > Férfi lábbeli > Férfi cipő", "https://coreshop.hu/hu/termek/iso-1.5/6735", "https://coreshop.hu/pictures/termekek/6/7/3/5/1_large.jpg", "17990", "14165", "Az Iso 1.5 felsőrésze az ActionFit™ technológia köré épül, a felhasznált anyagok pedig a minimalizmus jegyében kerültek kiválasztásra, így jön létre egy extrém könnyű, egyben hajlékony felsőrész, maximális komfortérzetet nyújtva. Az egész egy UltraCush™ Lite talpon csücsül, így egész nap örülhetünk pillekönnyű és kényelmes cipőnknek.", "ingyenes", "1 munkanap" 
"6734", "Vans", "ISO 1.5 - (Mesh) Port Royale", "Divat és ruházat > Férfi lábbeli > Férfi cipő", "https://coreshop.hu/hu/termek/iso-1.5/6734", "https://coreshop.hu/pictures/termekek/6/7/3/4/1_large.jpg", "17990", "14165", "Az Iso 1.5 felsőrésze az ActionFit™ technológia köré épül, a felhasznált anyagok pedig a minimalizmus jegyében kerültek kiválasztásra, így jön létre egy extrém könnyű, egyben hajlékony felsőrész, maximális komfortérzetet nyújtva. Az egész egy UltraCush™ Lite talpon csücsül, így egész nap örülhetünk pillekönnyű és kényelmes cipőnknek.", "ingyenes", "1 munkanap" 
"6733", "Vans", "Sk8-Hi - Black/White", "Divat és ruházat > Férfi lábbeli > Férfi cipő", "https://coreshop.hu/hu/termek/sk8-hi/6733", "https://coreshop.hu/pictures/termekek/6/7/3/3/1_large.jpg", "20990", "16528", "A Vans legendás magas szárú cipőinek eme kultikus tagja hozta be elsőként a valódi sportcipők stabilitását a gördeszkázás világába. A SK8-Hi igen népszerű modell lett, deszkások, zenészek, művészek és az ellenkultúra követőinek kedvence. Felsőrész anyaga: velúr bőr és vászon kombinációja.", "ingyenes", "1 munkanap" 
"6711", "Vans", "TNT SG - Black/Racing Red", "Divat és ruházat > Férfi lábbeli > Férfi cipő", "https://coreshop.hu/hu/termek/tnt-sg/6711", "https://coreshop.hu/pictures/termekek/6/7/1/1/1_large.jpg", "19990", "15740", "A Tony Trujillo nevével fémjelzett TNT SG – a Vans klasszikus alacsonyszárú Old Skool családjának tagja - legújabb reinkarnációja most feljebb lépett, immár a Pro Classics kategória képviselője. Az UltraCush HD betét különleges párnázása a kényelmet szolgálja, a Duracap lábujjvédő és a megerősített oldalfal extra tartósságot biztosítanak. Természetesen nem maradhat el a legendás Vans ostyamintázatú járótalp sem.", "ingyenes", "1 munkanap" 
"6709", "Vans", "Old Skool - Blue Ashes/Parisian Night", "Divat és ruházat > Férfi lábbeli > Férfi cipő", "https://coreshop.hu/hu/termek/old-skool/6709", "https://coreshop.hu/pictures/termekek/6/7/0/9/1_large.jpg", "19990", "15740", "Az Old Skool-on jelent meg először a klasszikus oldalcsík, amely mára már a Vans cipők védjegyévé vált. Esztétikus megjelenése mellett nagyfokú tartósság jellemzi az Old Skool-t, amit már évtizedek óta gördeszkások generációi koptatnak. Felsőrész anyaga: orr és sarok rész velúr bőr, oldalsó panel textil.", "ingyenes", "1 munkanap" 
"6708", "Vans", "Old Skool - Dress Blues/Material Mix", "Divat és ruházat > Férfi lábbeli > Férfi cipő", "https://coreshop.hu/hu/termek/old-skool/6708", "https://coreshop.hu/pictures/termekek/6/7/0/8/1_large.jpg", "17990", "14165", "Az Old Skool-on jelent meg először a klasszikus oldalcsík, amely mára már a Vans cipők védjegyévé vált. Esztétikus megjelenése mellett nagyfokú tartósság jellemzi az Old Skool-t, amit már évtizedek óta gördeszkások generációi koptatnak.", "ingyenes", "1 munkanap" 
"6707", "Vans", "Atwood - (Rasta) Black/Red", "Divat és ruházat > Férfi lábbeli > Férfi cipő", "https://coreshop.hu/hu/termek/atwood/6707", "https://coreshop.hu/pictures/termekek/6/7/0/7/1_large.jpg", "16990", "13378", "Az Atwood a Vans örökség legsikeresebb stílusát követi, tartós és kényelmes, ellenáll a legdurvább igénybevételnek is.", "ingyenes", "1 munkanap" 
"6706", "Vans", "Atwood DX - (Waxed) Dress Blues", "Divat és ruházat > Férfi lábbeli > Férfi cipő", "https://coreshop.hu/hu/termek/atwood-dx/6706", "https://coreshop.hu/pictures/termekek/6/7/0/6/1_large.jpg", "17990", "14165", "A viaszolt Atwood DX a Vans örökség legsikeresebb stílusát követi, tartós és kényelmes, ellenáll a legdurvább igénybevételnek is.", "ingyenes", "1 munkanap" 
"6705", "Vans", "Atwood DX - (Waxed) Black", "Divat és ruházat > Férfi lábbeli > Férfi cipő", "https://coreshop.hu/hu/termek/atwood-dx/6705", "https://coreshop.hu/pictures/termekek/6/7/0/5/1_large.jpg", "17990", "14165", "A viaszolt Atwood DX a Vans örökség legsikeresebb stílusát követi, tartós és kényelmes, ellenáll a legdurvább igénybevételnek is.", "ingyenes", "1 munkanap" 
"6618", "Vans", "Toy Story Old Skool - (Toy Story) Buzz Lightyear/True White", "Divat és ruházat > Férfi lábbeli > Férfi cipő", "https://coreshop.hu/hu/termek/toy-story-old-skool/6618", "https://coreshop.hu/pictures/termekek/6/6/1/8/1_large.jpg", "15990", "12591", "A Vans és a Disney Pixar felfedezi a végtelent, és ami azon túl van! Andy kedvenc játékai elevenednek meg az új kollekció darabjain, pont úgy, ahogy az első részben láthattuk őket. A Toy Story Old Skool színei és textúrái Buzz Lightyear-t idézik meg, ezen felül a szokásosat kapjuk: a legendás oldalcsíkot, bőr felsőrészt, párnázott szárat - a stabilitásért és rugalmasságért – és egy különleges talpat, amelyen a jól ismert ostya-mintázatra Andy felirat került.", "ingyenes", "1 munkanap" 
"6616", "Vans", "Toy Story SK8-Hi Reissue - (Toy Story) Buzz Lightyear/True White", "Divat és ruházat > Férfi lábbeli > Férfi cipő", "https://coreshop.hu/hu/termek/toy-story-sk8-hi-reissue/6616", "https://coreshop.hu/pictures/termekek/6/6/1/6/1_large.jpg", "15990", "12591", "A Vans és a Disney Pixar felfedezi a végtelent, és ami azon túl van! Andy kedvenc játékai elevenednek meg az új kollekció darabjain, pont úgy, ahogy az első részben láthattuk őket. A Toy Story Sk8-Hi színei és textúrái Buzz Lightyear-t idézik meg, ezen felül a szokásosat kapjuk: a legendás magasszárút, hasított bőr és vászon felsőrészt, párnázott szárat - a stabilitásért és rugalmasságért – és egy különleges talpat, amelyen a jól ismert ostya-mintázatra Andy felirat került.", "ingyenes", "1 munkanap" 
"6610", "Vans", "Iso 3 MTE - (MTE) Tornado/Black", "Divat és ruházat > Férfi lábbeli > Férfi cipő", "https://coreshop.hu/hu/termek/iso-3-mte/6610", "https://coreshop.hu/pictures/termekek/6/6/1/0/1_large.jpg", "16990", "13378", "Az Iso 3 MTE, az ultrakönnyű ISO sorozat téli változata. Jellemzői: Scotchgard bevonattal rendelkező bőr felsőrész, meleg bélés és hőszigetelő réteg a külső és a belső talp között, ezek segítenek abban, hogy a láb száraz és meleg maradjon. Az új fejlesztésű csúszásgátló talp 20 év snowboard tapasztalatát tükrözi, stílus és funkció tökéletes összhangja.", "ingyenes", "1 munkanap" 
"6609", "Vans", "Iso 3 Mid MTE - (Buck/Wool) Black", "Divat és ruházat > Férfi lábbeli > Férfi cipő", "https://coreshop.hu/hu/termek/iso-3-mid-mte/6609", "https://coreshop.hu/pictures/termekek/6/6/0/9/1_large.jpg", "16990", "13378", "Vans Iso 3 Mid MTE: ez a minimál felépítésű közepesen magas szárú cipő dacol az elemekkel. Scotchgard-felületkezeléssel ellátott bőr felsőrész, meleg belső és a talp belsejében található hőszigetelő réteg tartja melegen és szárazon a lábat, az új fejlesztésű vulkanizált talp pedig 20 év hódeszkás tapasztalatát hasznosítja a jó tapadás érdekében. Az Iso 3 Mid MTE sportos szabása és az UltraCush Lite belső a kényelemről és a rugalmasságról gondoskodnak.", "ingyenes", "1 munkanap" 
"6512", "Vans", "SK8-Hi MTE - (Jamie Lynn) Black/Black/White", "Divat és ruházat > Férfi lábbeli > Férfi cipő", "https://coreshop.hu/hu/termek/sk8-hi-mte/6512", "https://coreshop.hu/pictures/termekek/6/5/1/2/1_large.jpg", "18990", "14953", "Az MTE a tél gyermeke. Scotchgard-bevonattal rendelkező felsőrész, meleg bélés és  hőszigetelő réteg a külső és a belső talp között: ezek segítenek abban, hogy a láb száraz és meleg maradjon. Az új fejlesztésű  csúszásgátló talp 20 év snowboard tapasztalatát tükrözi,stílus és funkció tökéletes összhangja.", "ingyenes", "1 munkanap" 
"6500", "Vans", "AV RapidWeld Pro Lite - Black/White", "Divat és ruházat > Férfi lábbeli > Férfi cipő", "https://coreshop.hu/hu/termek/av-rapidweld-pro-lite/6500", "https://coreshop.hu/pictures/termekek/6/5/0/0/1_large.jpg", "24990", "19677", "A Vans Anthony Van Engelen-kollekció új darabja, az AV Rapidweld Pro egy igazi teljesítmény-orientált cipő, régimódi köntösben. Fő tulajdonsága, hogy felső része varrás nélkül készül: a ragasztott RAPIDWELD  héjat hasított bőr díszíti, a kopásnak kitett felületekre pedig  DURACAP-réteg került erősítésképp. Az UltraCush HD talpbetét vékony, de kitűnő csillapítással rendelkezik, a Vans-től megszokott ostya-mintázatú járótalp meg a tapadásról gondoskodik. A hab a tortán a LUXLINER belső kialakítás és a Pro Vulc Lite szerkezetű talp, így az AV Rapidweld Pro az utolsó szó a könnyű súly és a tartósság terén.", "ingyenes", "1 munkanap" 
"6400", "Vans", "Sk8-Hi Reissue - (50th) Stv/Multi Print", "Divat és ruházat > Férfi lábbeli > Férfi cipő", "https://coreshop.hu/hu/termek/sk8-hi-reissue/6400", "https://coreshop.hu/pictures/termekek/6/4/0/0/1_large.jpg", "14990", "11803", "50th Sk8-Hi 38 Reissue: a klasszikus magasszárú Vans cipő az ötvenedik évforduló tiszteletére múltidéző különkiadással jelentkezik. A Steve Van Doren által tervezett egyedi színvilág mellett strapabíró vászon és bőr felső, párnázott nyelv és egyedi ostya mintázatú járótalp jellemzik még.", "ingyenes", "1 munkanap" 
"6339", "Vans", "(Nintendo) Classic Slip-On - Zelda/Black", "Divat és ruházat > Férfi lábbeli > Férfi cipő", "https://coreshop.hu/hu/termek/(nintendo)-classic-slip-on/6339", "https://coreshop.hu/pictures/termekek/6/3/3/9/1_large.jpg", "11990", "9441", "A Vans és a Nintendo egy igazán ütős, egyedi mintázatú kollekcióval emlékezik meg a videójátékok hőskoráról. A legnépszerűbb Nintendo-karakterek 8-bites grafikaként tűnnek fel cipőinken. A Legend of Zelda című játékból vett jelenetek segítségével tűnik ki a tömegből a Nintendo Classic Slip-On, a klasszikus alacsonyszárú bebújós Vans cipő. Strapabíró bőr felső, párnázott száj, rugalmas oldalfalak és egyedi GAME OVER feliratos ostya-mintázatú járótalp jellemzik még.", "ingyenes", "1 munkanap" 
"6174", "Vans", "ISO 1.5 - Mono Black", "Divat és ruházat > Férfi lábbeli > Férfi cipő", "https://coreshop.hu/hu/termek/iso-1.5/6174", "https://coreshop.hu/pictures/termekek/6/1/7/4/1_large.jpg", "21990", "17315", "Az Iso 1.5 felsőrésze az ActionFit™ technológia köré épül, a felhasznált anyagok pedig a minimalizmus jegyében kerültek kiválasztásra, így jön létre egy extrém könnyű, egyben hajlékony felsőrész, maximális komfortérzetet nyújtva. Az egész egy UltraCush™ Lite talpon csücsül, így egész nap örülhetünk pillekönnyű és kényelmes cipőnknek. ", "ingyenes", "1 munkanap" 
"6172", "Vans", "ISO 1.5 - Mono Pewter", "Divat és ruházat > Férfi lábbeli > Férfi cipő", "https://coreshop.hu/hu/termek/iso-1.5/6172", "https://coreshop.hu/pictures/termekek/6/1/7/2/1_large.jpg", "14990", "11803", "Az Iso 1.5 felsőrésze az ActionFit™ technológia köré épül, a felhasznált anyagok pedig a minimalizmus jegyében kerültek kiválasztásra, így jön létre egy extrém könnyű, egyben hajlékony felsőrész, maximális komfortérzetet nyújtva. Az egész egy UltraCush™ Lite talpon csücsül, így egész nap örülhetünk pillekönnyű és kényelmes cipőnknek.", "ingyenes", "1 munkanap" 
"6068", "Vans", "Old Skool Lite - (Suede/Canvas) Black/White", "Divat és ruházat > Férfi lábbeli > Férfi cipő", "https://coreshop.hu/hu/termek/old-skool-lite/6068", "https://coreshop.hu/pictures/termekek/6/0/6/8/1_large.jpg", "20990", "16528", "Az Old Skool Lite a klasszikus Old Skool újragondolt változata. Modern tervezési elvek segítségével fejlesztették ki az új szabást, növelték a kényelemérzetet, miközben lényegesen sikerült csökkenteni a cipő súlyát is. A megszokott és szeretett külső változatlan, de egész más érzés viselni, köszönhetően az ActionFit sarokrésznek  és az  UltraCush Lite talpnak. (bőr és textil felsőrész)", "ingyenes", "1 munkanap" 
"6058", "Vans", "ISO 1.5 - (Mesh) Black", "Divat és ruházat > Férfi lábbeli > Férfi cipő", "https://coreshop.hu/hu/termek/iso-1.5/6058", "https://coreshop.hu/pictures/termekek/6/0/5/8/1_large.jpg", "21990", "17315", "Az Iso 1.5 felsőrésze az ActionFit™ technológia köré épül, a felhasznált anyagok pedig a minimalizmus jegyében kerültek kiválasztásra, így jön létre egy extrém könnyű, egyben hajlékony felsőrész, maximális komfortérzetet nyújtva. Az egész egy UltraCush™ Lite talpon csücsül, így egész nap örülhetünk pillekönnyű és kényelmes cipőnknek.", "ingyenes", "1 munkanap" 
"5807", "Vans", "Half Cab Pro - Black/White/Red", "Divat és ruházat > Férfi lábbeli > Férfi cipő", "https://coreshop.hu/hu/termek/half-cab-pro/5807", "https://coreshop.hu/pictures/termekek/5/8/0/7/1_large.jpg", "21990", "17315", "Beadod már a Fakie 360 Ollie-t? Megy olyan jól mint a trükk kitalálójának Steve Caballeronak? Ha nem, akkor sincs baj, mert még mindig nézhetsz ki olyan jól a deszkán mint ő, ha felhúzod Stevie cipőjét, a Half Cab-et.", "ingyenes", "1 munkanap" 
"5487", "Vans", "Atwood - (Canvas) Black/White", "Divat és ruházat > Férfi lábbeli > Férfi cipő", "https://coreshop.hu/hu/termek/atwood/5487", "https://coreshop.hu/pictures/termekek/5/4/8/7/1_large.jpg", "15990", "12591", "Az Atwood a Vans örökség legsikeresebb stílusát követi, tartós és kényelmes, ellenáll a legdurvább igénybevételnek is.", "ingyenes", "1 munkanap" 
"5358", "Vans", "Old Skool - Black/Black", "Divat és ruházat > Férfi lábbeli > Férfi cipő", "https://coreshop.hu/hu/termek/old-skool/5358", "https://coreshop.hu/pictures/termekek/5/3/5/8/1_large.jpg", "17990", "14165", "Az Old Skool-on jelent meg először a klasszikus oldalcsík, amely mára már a Vans cipők védjegyévé vált. Esztétikus megjelenése mellett nagyfokú tartósság jellemzi az Old Skool-t, amit már évtizedek óta gördeszkások generációi koptatnak. Felsőrész anyaga: textil.", "ingyenes", "1 munkanap" 
"4511", "Vans", "Era - Navy", "Divat és ruházat > Férfi lábbeli > Férfi cipő", "https://coreshop.hu/hu/termek/era/4511", "https://coreshop.hu/pictures/termekek/4/5/1/1/1_large.jpg", "16990", "13378", "A Vans Era egy klasszikus deszkás cipő. Hosszasan lehetne mesélni arról, hogy miért vált legendává a gördeszkások körében, de a kényelem mindent megmagyaráz. Puha talpbetét, dupla varrás és az elmaradhatatlan gofri talp.", "ingyenes", "1 munkanap" 
"4455", "Vans", "Old Skool - Navy", "Divat és ruházat > Férfi lábbeli > Férfi cipő", "https://coreshop.hu/hu/termek/old-skool/4455", "https://coreshop.hu/pictures/termekek/4/4/5/5/1_large.jpg", "17990", "14165", "Az Old Skool-on jelent meg először a klasszikus oldalcsík, amely mára már a Vans cipők védjegyévé vált. Esztétikus megjelenése mellett nagyfokú tartósság jellemzi az Old Skool-t, amit már évtizedek óta gördeszkások generációi koptatnak. Felsőrész anyaga: orr és sarok rész velúr bőr, oldalsó panel textil.", "ingyenes", "1 munkanap" 
"4454", "Vans", "Old Skool - Black/White", "Divat és ruházat > Férfi lábbeli > Férfi cipő", "https://coreshop.hu/hu/termek/old-skool/4454", "https://coreshop.hu/pictures/termekek/4/4/5/4/1_large.jpg", "17990", "14165", "Az Old Skool-on jelent meg először a klasszikus oldalcsík, amely mára már a Vans cipők védjegyévé vált. Esztétikus megjelenése mellett nagyfokú tartósság jellemzi az Old Skool-t, amit már évtizedek óta gördeszkások generációi koptatnak. Felsőrész anyaga: orr és sarok rész velúr bőr, oldalsó panel textil.", "ingyenes", "1 munkanap" 
"4437", "Vans", "Authentic - Black", "Divat és ruházat > Férfi lábbeli > Férfi cipő", "https://coreshop.hu/hu/termek/authentic/4437", "https://coreshop.hu/pictures/termekek/4/4/3/7/1_large.jpg", "15990", "12591", "A Vans története, kapcsolata a gördeszkás és szörfös kultúrával 1966-ban kezdődött Dél-Kaliforniában. Ekkor látott napvilágot az első Vans cipő az Authentic, mely generációk óta töretlen népszerűségnek örvend a core skaterek és a stílussal szimpatizálók körében egyaránt, köszönhetően az egyszerű de stílusos megjelenésének.", "ingyenes", "1 munkanap" 
"4436", "Vans", "Authentic - Red", "Divat és ruházat > Férfi lábbeli > Férfi cipő", "https://coreshop.hu/hu/termek/authentic/4436", "https://coreshop.hu/pictures/termekek/4/4/3/6/1_large.jpg", "15990", "12591", "A Vans története, kapcsolata a gördeszkás és szörfös kultúrával 1966-ban kezdődött Dél-Kaliforniában. Ekkor látott napvilágot az első Vans cipő az Authentic, mely generációk óta töretlen népszerűségnek örvend a core skaterek és a stílussal szimpatizálók körében egyaránt, köszönhetően az egyszerű de stílusos megjelenésének. ", "ingyenes", "1 munkanap" 
"4435", "Vans", "Authentic - Navy", "Divat és ruházat > Férfi lábbeli > Férfi cipő", "https://coreshop.hu/hu/termek/authentic/4435", "https://coreshop.hu/pictures/termekek/4/4/3/5/1_large.jpg", "15990", "12591", "A Vans története, kapcsolata a gördeszkás és szörfös kultúrával 1966-ban kezdődött Dél-Kaliforniában. Ekkor látott napvilágot az első Vans cipő az Authentic, mely generációk óta töretlen népszerűségnek örvend a core skaterek és a stílussal szimpatizálók körében egyaránt, köszönhetően az egyszerű de stílusos megjelenésének. (Hamarosan további méretekben is rendelhető)", "ingyenes", "1 munkanap" 
"1579", "Vans", "Era - Black", "Divat és ruházat > Férfi lábbeli > Férfi cipő", "https://coreshop.hu/hu/termek/era/1579", "https://coreshop.hu/pictures/termekek/1/5/7/9/1_large.jpg", "16990", "13378", "A Vans Era egy klasszikus deszkás cipő. Hosszasan lehetne mesélni arról, hogy miért vált legendává a gördeszkások körében, de a kényelem mindent megmagyaráz. Puha talpbetét, dupla varrás és az elmaradhatatlan gofri talp.", "ingyenes", "1 munkanap" 
"7208", "Vans", "SK8-Hi 46 MTE DX - Black/Flannel", "Divat és ruházat > Női lábbeli > női cipő", "https://coreshop.hu/hu/termek/sk8-hi-46-mte-dx/7208", "https://coreshop.hu/pictures/termekek/7/2/0/8/1_large.jpg", "26990", "21252", "", "ingyenes", "1 munkanap" 
"7207", "Vans", "SK8-Hi 46 MTE DX - Micro Chip/Gum", "Divat és ruházat > Női lábbeli > női cipő", "https://coreshop.hu/hu/termek/sk8-hi-46-mte-dx/7207", "https://coreshop.hu/pictures/termekek/7/2/0/7/1_large.jpg", "26990", "21252", "", "ingyenes", "1 munkanap" 
"7158", "Vans", "UltraRange Rapidweld - Black/White", "Divat és ruházat > Női lábbeli > női cipő", "https://coreshop.hu/hu/termek/ultrarange-rapidweld/7158", "https://coreshop.hu/pictures/termekek/7/1/5/8/1_large.jpg", "24990", "19677", "", "ingyenes", "1 munkanap" 
"7155", "Vans", "SK8-Hi Slim Zip - (Boom Boom) Black/True White", "Divat és ruházat > Női lábbeli > női cipő", "https://coreshop.hu/hu/termek/sk8-hi-slim-zip/7155", "https://coreshop.hu/pictures/termekek/7/1/5/5/1_large.jpg", "24990", "19677", "", "ingyenes", "1 munkanap" 
"7154", "Vans", "SK8-Hi Slim Zip - (Boom Boom) Port Royale/True White", "Divat és ruházat > Női lábbeli > női cipő", "https://coreshop.hu/hu/termek/sk8-hi-slim-zip/7154", "https://coreshop.hu/pictures/termekek/7/1/5/4/1_large.jpg", "24990", "19677", "", "ingyenes", "1 munkanap" 
"7153", "Vans", "Old Skool - (Leather) Mono/Sepia Rose", "Divat és ruházat > Női lábbeli > női cipő", "https://coreshop.hu/hu/termek/old-skool/7153", "https://coreshop.hu/pictures/termekek/7/1/5/3/1_large.jpg", "21990", "17315", "", "ingyenes", "1 munkanap" 
"7152", "Vans", "Old Skool - (Metallic Snake) Rose Gold/True White", "Divat és ruházat > Női lábbeli > női cipő", "https://coreshop.hu/hu/termek/old-skool/7152", "https://coreshop.hu/pictures/termekek/7/1/5/2/1_large.jpg", "20990", "16528", "", "ingyenes", "1 munkanap" 
"7104", "Vans", "SK8-Hi - Sea Fog/True White", "Divat és ruházat > Női lábbeli > női cipő", "https://coreshop.hu/hu/termek/sk8-hi/7104", "https://coreshop.hu/pictures/termekek/7/1/0/4/1_large.jpg", "21990", "17315", "", "ingyenes", "1 munkanap" 
"7103", "Vans", "Old Skool - Sea Fog/True White", "Divat és ruházat > Női lábbeli > női cipő", "https://coreshop.hu/hu/termek/old-skool/7103", "https://coreshop.hu/pictures/termekek/7/1/0/3/1_large.jpg", "19990", "15740", "", "ingyenes", "1 munkanap" 
"7102", "Vans", "SK8-Hi - Dusky Citron/True White", "Divat és ruházat > Női lábbeli > női cipő", "https://coreshop.hu/hu/termek/sk8-hi/7102", "https://coreshop.hu/pictures/termekek/7/1/0/2/1_large.jpg", "21990", "17315", "", "ingyenes", "1 munkanap" 
"7043", "Vans", "Old Skool - Dusky Citron/True White", "Divat és ruházat > Női lábbeli > női cipő", "https://coreshop.hu/hu/termek/old-skool/7043", "https://coreshop.hu/pictures/termekek/7/0/4/3/1_large.jpg", "19990", "15740", "", "ingyenes", "1 munkanap" 
"7042", "Vans", "Old Skool - Birch/True White", "Divat és ruházat > Női lábbeli > női cipő", "https://coreshop.hu/hu/termek/old-skool/7042", "https://coreshop.hu/pictures/termekek/7/0/4/2/1_large.jpg", "19990", "15740", "", "ingyenes", "1 munkanap" 
"7029", "Vans", "Authentic - (Ditsy Bloom) True White", "Divat és ruházat > Női lábbeli > női cipő", "https://coreshop.hu/hu/termek/authentic/7029", "https://coreshop.hu/pictures/termekek/7/0/2/9/1_large.jpg", "16990", "13378", "", "ingyenes", "1 munkanap" 
"7028", "Vans", "Old Skool - (Ditsy Bloom) True White", "Divat és ruházat > Női lábbeli > női cipő", "https://coreshop.hu/hu/termek/old-skool/7028", "https://coreshop.hu/pictures/termekek/7/0/2/8/1_large.jpg", "19990", "15740", "", "ingyenes", "1 munkanap" 
"6998", "Vans", "Peanuts  Classic Slip-On - Smack/Pearl", "Divat és ruházat > Női lábbeli > női cipő", "https://coreshop.hu/hu/termek/peanuts--classic-slip-on/6998", "https://coreshop.hu/pictures/termekek/6/9/9/8/1_large.jpg", "17990", "14165", "", "ingyenes", "1 munkanap" 
"6996", "Vans", "Peanuts Authentic - Snoopy Skating", "Divat és ruházat > Női lábbeli > női cipő", "https://coreshop.hu/hu/termek/peanuts-authentic/6996", "https://coreshop.hu/pictures/termekek/6/9/9/6/1_large.jpg", "17990", "14165", "", "ingyenes", "1 munkanap" 
"6953", "Vans", "Old Skool - (Premium Leather) Black/True White", "Divat és ruházat > Női lábbeli > női cipő", "https://coreshop.hu/hu/termek/old-skool/6953", "https://coreshop.hu/pictures/termekek/6/9/5/3/1_large.jpg", "21990", "17315", "", "ingyenes", "1 munkanap" 
"6799", "Vans", "ISO 1.5 - (Tropical Leaves) Black/True White", "Divat és ruházat > Női lábbeli > női cipő", "https://coreshop.hu/hu/termek/iso-1.5/6799", "https://coreshop.hu/pictures/termekek/6/7/9/9/1_large.jpg", "14990", "11803", "", "ingyenes", "1 munkanap" 
"6794", "Vans", "Kendra Dandy Authentic - Scream/True White", "Divat és ruházat > Női lábbeli > női cipő", "https://coreshop.hu/hu/termek/kendra-dandy-authentic/6794", "https://coreshop.hu/pictures/termekek/6/7/9/4/1_large.jpg", "11990", "9441", "A Kendra Dandy kollekció a hatvanas évek előtt tiszteleg, amikor a nők először kezdtek el színes mintás termékeket viselni. A Philadelphiában dolgozó Dandy mosolyra fakasztó színes illusztrációival díszítette fel a nevével fémjelzett Authentic sorozatot. A pop-art stílus kedvelői imádni fogják munkáit, a belőlük áradó pajkosságot.", "ingyenes", "1 munkanap" 
"6793", "Vans", "Kendra Dandy Authentic - Mod Eye/True White", "Divat és ruházat > Női lábbeli > női cipő", "https://coreshop.hu/hu/termek/kendra-dandy-authentic/6793", "https://coreshop.hu/pictures/termekek/6/7/9/3/1_large.jpg", "11990", "9441", "A Kendra Dandy kollekció a hatvanas évek előtt tiszteleg, amikor a nők először kezdtek el színes mintás termékeket viselni. A Philadelphiában dolgozó Dandy mosolyra fakasztó színes illusztrációival díszítette fel a nevével fémjelzett Authentic sorozatot. A pop-art stílus kedvelői imádni fogják munkáit, a belőlük áradó pajkosságot.", "ingyenes", "1 munkanap" 
"6792", "Vans", "Kendra Dandy Authentic - Sassy Side Up/True White", "Divat és ruházat > Női lábbeli > női cipő", "https://coreshop.hu/hu/termek/kendra-dandy-authentic/6792", "https://coreshop.hu/pictures/termekek/6/7/9/2/1_large.jpg", "11990", "9441", "A Kendra Dandy kollekció a hatvanas évek előtt tiszteleg, amikor a nők először kezdtek el színes mintás termékeket viselni. A Philadelphiában dolgozó Dandy mosolyra fakasztó színes illusztrációival díszítette fel a nevével fémjelzett Authentic sorozatot. A pop-art stílus kedvelői imádni fogják munkáit, a belőlük áradó pajkosságot.", "ingyenes", "1 munkanap" 
"6791", "Vans", "Atwood Low - (Pop Outsole) Soothingsea", "Divat és ruházat > Női lábbeli > női cipő", "https://coreshop.hu/hu/termek/atwood-low/6791", "https://coreshop.hu/pictures/termekek/6/7/9/1/1_large.jpg", "11990", "9441", "", "ingyenes", "1 munkanap" 
"6790", "Vans", "Atwood Low - (Pop Sole) Asphalt/Pink Lady", "Divat és ruházat > Női lábbeli > női cipő", "https://coreshop.hu/hu/termek/atwood-low/6790", "https://coreshop.hu/pictures/termekek/6/7/9/0/1_large.jpg", "11990", "9441", "", "ingyenes", "1 munkanap" 
"6780", "Vans", "Atwood Low - (Ditsy) Pink/Gray", "Divat és ruházat > Női lábbeli > női cipő", "https://coreshop.hu/hu/termek/atwood-low/6780", "https://coreshop.hu/pictures/termekek/6/7/8/0/1_large.jpg", "11990", "9441", "Az Atwood Low egy nosztalgikus külsejű alacsonyszárú cipő, duplán varrott, tartós vászon felsőrésszel, fém bújtatókkal, Vans-tipikus gumi Waffle-járótalppal és vulkanizált felépítéssel; az eredmény egy kényelmes cipő.", "ingyenes", "1 munkanap" 
"6778", "Vans", "Old Skool - (Tropical Leaves) True White", "Divat és ruházat > Női lábbeli > női cipő", "https://coreshop.hu/hu/termek/old-skool/6778", "https://coreshop.hu/pictures/termekek/6/7/7/8/1_large.jpg", "19990", "15740", "Az Old Skool-on jelent meg először a klasszikus oldalcsík, amely mára már a Vans cipők védjegyévé vált. Esztétikus megjelenése mellett nagyfokú tartósság jellemzi az Old Skool-t, amit már évtizedek óta gördeszkások generációi koptatnak.", "ingyenes", "1 munkanap" 
"6777", "Vans", "ISO 1.5 - (Tropical Leaves) True White", "Divat és ruházat > Női lábbeli > női cipő", "https://coreshop.hu/hu/termek/iso-1.5/6777", "https://coreshop.hu/pictures/termekek/6/7/7/7/1_large.jpg", "14990", "11803", "Az Iso 1.5 felsőrésze az ActionFit™ technológia köré épül, a felhasznált anyagok pedig a minimalizmus jegyében kerültek kiválasztásra, így jön létre egy extrém könnyű, egyben hajlékony felsőrész, maximális komfortérzetet nyújtva. Az egész egy UltraCush™ Lite talpon csücsül, így egész nap örülhetünk pillekönnyű és kényelmes cipőnknek.", "ingyenes", "1 munkanap" 
"6776", "Vans", "Old Skool - (Canvas) Cherry Tomato/True White", "Divat és ruházat > Női lábbeli > női cipő", "https://coreshop.hu/hu/termek/old-skool/6776", "https://coreshop.hu/pictures/termekek/6/7/7/6/1_large.jpg", "19990", "15740", "", "ingyenes", "1 munkanap" 
"6775", "Vans", "Old Skool - Crystal Blue/True White", "Divat és ruházat > Női lábbeli > női cipő", "https://coreshop.hu/hu/termek/old-skool/6775", "https://coreshop.hu/pictures/termekek/6/7/7/5/1_large.jpg", "19990", "15740", "Az Old Skool-on jelent meg először a klasszikus oldalcsík, amely mára már a Vans cipők védjegyévé vált. Esztétikus megjelenése mellett nagyfokú tartósság jellemzi az Old Skool-t, amit már évtizedek óta gördeszkások generációi koptatnak.", "ingyenes", "1 munkanap" 
"6770", "Vans", "Old Skool - Lavender/True White", "Divat és ruházat > Női lábbeli > női cipő", "https://coreshop.hu/hu/termek/old-skool/6770", "https://coreshop.hu/pictures/termekek/6/7/7/0/1_large.jpg", "19990", "15740", "Az Old Skool-on jelent meg először a klasszikus oldalcsík, amely mára már a Vans cipők védjegyévé vált. Esztétikus megjelenése mellett nagyfokú tartósság jellemzi az Old Skool-t, amit már évtizedek óta gördeszkások generációi koptatnak.", "ingyenes", "1 munkanap" 
"6769", "Vans", "SK8-Hi Slim - Bay/True White", "Divat és ruházat > Női lábbeli > női cipő", "https://coreshop.hu/hu/termek/sk8-hi-slim/6769", "https://coreshop.hu/pictures/termekek/6/7/6/9/1_large.jpg", "15990", "12591", "A SK8-Hi Slim a legendás magasszárú SK8-Hi karcsúsított verziója; textil és velúr bőr felsőrésszel, Waffle mintázatú járótalppal és párnázott bokarésszel, hogy cipőnk stabil, egyben hajlékony legyen.", "ingyenes", "1 munkanap" 
"6768", "Vans", "SK8-Hi Slim - Pale Khaki/True White", "Divat és ruházat > Női lábbeli > női cipő", "https://coreshop.hu/hu/termek/sk8-hi-slim/6768", "https://coreshop.hu/pictures/termekek/6/7/6/8/1_large.jpg", "15990", "12591", "A SK8-Hi Slim a legendás magasszárú SK8-Hi karcsúsított verziója; textil és velúr bőr felsőrésszel, Waffle mintázatú járótalppal és párnázott bokarésszel, hogy cipőnk stabil, egyben hajlékony legyen.", "ingyenes", "1 munkanap" 
"6766", "Vans", "Old Skool Zip - (Leather) Zephyr Blue/Blanc De Blanc", "Divat és ruházat > Női lábbeli > női cipő", "https://coreshop.hu/hu/termek/old-skool-zip/6766", "https://coreshop.hu/pictures/termekek/6/7/6/6/1_large.jpg", "17990", "14165", "A Old Skool Zip egy nosztalgikus külsejű alacsonyszárú bőr cipő, cipzáros felsőrésszel, Vans Waffle járótalppal és vulkanizált felépítéssel.", "ingyenes", "1 munkanap" 
"6749", "Vans", "OMG-WTF Slip-On - (Sayings) True White", "Divat és ruházat > Női lábbeli > női cipő", "https://coreshop.hu/hu/termek/omg-wtf-slip-on/6749", "https://coreshop.hu/pictures/termekek/6/7/4/9/1_large.jpg", "11990", "9441", "OMG/WTF - Anti Valentin nap kollekció. Classic Slip-On: kell-e többet mondanunk? Nem nagyon; ez a cipő a gördeszkás- és popkultúra megkerülhetetlen eleme, a gördeszkaparkoktól a mozifilmekig, egyszóval a modern élet minden területén, szerte a világon. Minek köszönhető ez a népszerűség? Az utánozhatatlan minőségnek, emiatt is lett ez a cipő az Off The Wall-innovációs program egyik inspirálója.", "ingyenes", "1 munkanap" 
"6703", "Vans", "OMG-WTF SK8-Hi Slim - (Sayings) True White", "Divat és ruházat > Női lábbeli > női cipő", "https://coreshop.hu/hu/termek/omg-wtf-sk8-hi-slim/6703", "https://coreshop.hu/pictures/termekek/6/7/0/3/1_large.jpg", "14990", "11803", "OMG/WTF - Anti Valentin nap kollekció. Az OMG SK8-Hi Slim a legendás magasszárú SK8-Hi karcsúsított verziója; tartós full print grafikával rendelkező felsőrésszel, Waffle mintázatú járótalppal és párnázott bokarésszel, hogy cipőnk stabil, egyben hajlékony legyen.", "ingyenes", "1 munkanap" 
"6702", "Vans", "Atwood Low DX - (Perf Circle) Black", "Divat és ruházat > Női lábbeli > női cipő", "https://coreshop.hu/hu/termek/atwood-low-dx/6702", "https://coreshop.hu/pictures/termekek/6/7/0/2/1_large.jpg", "12990", "10228", "Az Atwood Low DX egy nosztalgikus külsejű alacsonyszárú cipő, duplán varrott, bőr felsőrésszel, fém bújtatókkal, Waffle talppal és vulkanizált felépítéssel; az eredmény egy kényelmes cipő.", "ingyenes", "1 munkanap" 
"6641", "Vans", "Old Skool Zip - (Disco Python) Black/Blanc de Blanc", "Divat és ruházat > Női lábbeli > női cipő", "https://coreshop.hu/hu/termek/old-skool-zip/6641", "https://coreshop.hu/pictures/termekek/6/6/4/1/1_large.jpg", "15990", "12591", "A Old Skool Zip egy nosztalgikus külsejű alacsonyszárú bőr cipő, (cipzáros) felsőrésszel, Vans Waffle-járótalppal és vulkanizált felépítéssel. Az Old Skool-on jelent meg először a klasszikus oldalcsík, amely mára már a Vans cipők védjegyévé vált. Esztétikus megjelenése mellett nagyfokú tartósság jellemzi az Old Skool-t, amit már évtizedek óta gördeszkások generációi koptatnak.", "ingyenes", "1 munkanap" 
"6516", "Vans", "SK8-Hi 46 MTE - (Hana Beaman) Brown/Angora", "Divat és ruházat > Női lábbeli > női cipő", "https://coreshop.hu/hu/termek/sk8-hi-46-mte/6516", "https://coreshop.hu/pictures/termekek/6/5/1/6/1_large.jpg", "17990", "14165", "Az MTE a tél gyermeke. Scotchgard-bevonattal rendelkező felsőrész, meleg bélés és hőszigetelő réteg a külső és a belső talp között: ezek segítenek abban, hogy a láb száraz és meleg maradjon. Az új fejlesztésű csúszásgátló talp 20 év snowboard tapasztalatát tükrözi,stílus és funkció tökéletes összhangja.", "ingyenes", "1 munkanap" 
"6514", "Vans", "Old Skool - (Embossed Stingray) Black", "Divat és ruházat > Női lábbeli > női cipő", "https://coreshop.hu/hu/termek/old-skool/6514", "https://coreshop.hu/pictures/termekek/6/5/1/4/1_large.jpg", "17990", "14165", "Az Old Skool-on jelent meg először a klasszikus oldalcsík, amely mára már a Vans cipők védjegyévé vált. Esztétikus megjelenése mellett nagyfokú tartósság jellemzi az Old Skool-t, amit már évtizedek óta gördeszkások generációi koptatnak.", "ingyenes", "1 munkanap" 
"6513", "Vans", "Atwood Low - (Cheetah) Natural", "Divat és ruházat > Női lábbeli > női cipő", "https://coreshop.hu/hu/termek/atwood-low/6513", "https://coreshop.hu/pictures/termekek/6/5/1/3/1_large.jpg", "9990", "7866", "Az Atwood Low egy nosztalgikus külsejű alacsonyszárú cipő, duplán varrott, tartós vászon felsőrésszel, fém bújtatókkal, Vans-tipikus gumi Waffle-járótalppal és vulkanizált felépítéssel; az eredmény egy kényelmes cipő.", "ingyenes", "1 munkanap" 
"6455", "Vans", "Sk8-Hi Reissue - (Lime in the Coconut) Black", "Divat és ruházat > Női lábbeli > női cipő", "https://coreshop.hu/hu/termek/sk8-hi-reissue/6455", "https://coreshop.hu/pictures/termekek/6/4/5/5/1_large.jpg", "14990", "11803", "Sk8-Hi Reissue jellemzői a strapabíró velúrbőr és textil felsőrész, a kopásnak ellenálló megerősített orr, a Vans Waffle járótalp, a párnázott nyelv és sarok.", "ingyenes", "1 munkanap" 
"6192", "Vans", "Authentic - (Baron Von Fancy) White/Black", "Divat és ruházat > Női lábbeli > női cipő", "https://coreshop.hu/hu/termek/authentic/6192", "https://coreshop.hu/pictures/termekek/6/1/9/2/1_large.jpg", "9990", "7866", "A New Yorkban alkotó multimédia-művész, Baron Von Fancy szerteágazó művészi munkássága a hatalmas, képregényes stílusban megalkotott festményektől az egyszerűnek tűnő, de játékos és egyben költői szövegekig terjed. Az 50-es évek plakátjainak stílusában pompázó Baron Von Fancy Authentic feltűnő, kézírásos feliratokkal vonja magára a figyelmet, élénk színű betétek dobják fel megjelenését. Jellemzői még a strapabíró vászon felsőrész, a fémből készüt bújtatók és a Vans-től megszokott gumitalp.", "ingyenes", "1 munkanap" 
"7170", "Vans", "Peaks Camp - Black", "Főoldal > Divat és ruházat > Férfi póló > Vans Férfi póló", "https://coreshop.hu/hu/termek/peaks-camp/7170", "https://coreshop.hu/pictures/termekek/7/1/7/0/1_large.jpg", "7990", "6291", "", "ingyenes", "1 munkanap" 
"7169", "Vans", "Peaks Camp - Heather Grey", "Főoldal > Divat és ruházat > Férfi póló > Vans Férfi póló", "https://coreshop.hu/hu/termek/peaks-camp/7169", "https://coreshop.hu/pictures/termekek/7/1/6/9/1_large.jpg", "7990", "6291", "", "ingyenes", "1 munkanap" 
"7168", "Vans", "Peaks Camp LS - Burgundy", "Főoldal > Divat és ruházat > Férfi póló > Vans Férfi póló", "https://coreshop.hu/hu/termek/peaks-camp-ls/7168", "https://coreshop.hu/pictures/termekek/7/1/6/8/1_large.jpg", "8990", "7079", "", "ingyenes", "1 munkanap" 
"7167", "Vans", "Peaks Camp LS - White", "Főoldal > Divat és ruházat > Férfi póló > Vans Férfi póló", "https://coreshop.hu/hu/termek/peaks-camp-ls/7167", "https://coreshop.hu/pictures/termekek/7/1/6/7/1_large.jpg", "8990", "7079", "", "ingyenes", "1 munkanap" 
"7112", "Vans", "Sketchy Ripper - Black", "Főoldal > Divat és ruházat > Férfi póló > Vans Férfi póló", "https://coreshop.hu/hu/termek/sketchy-ripper/7112", "https://coreshop.hu/pictures/termekek/7/1/1/2/1_large.jpg", "7990", "6291", "", "ingyenes", "1 munkanap" 
"7111", "Vans", "Classic Raglan - White/Black", "Főoldal > Divat és ruházat > Férfi póló > Vans Férfi póló", "https://coreshop.hu/hu/termek/classic-raglan/7111", "https://coreshop.hu/pictures/termekek/7/1/1/1/1_large.jpg", "7990", "6291", "", "ingyenes", "1 munkanap" 
"7110", "Vans", "Classic - Navy/White", "Főoldal > Divat és ruházat > Férfi póló > Vans Férfi póló", "https://coreshop.hu/hu/termek/classic/7110", "https://coreshop.hu/pictures/termekek/7/1/1/0/1_large.jpg", "6990", "5504", "", "ingyenes", "1 munkanap" 
"7097", "Vans", "Thrasher Pocket Tee - White", "Főoldal > Divat és ruházat > Férfi póló > Vans Férfi póló", "https://coreshop.hu/hu/termek/thrasher-pocket-tee/7097", "https://coreshop.hu/pictures/termekek/7/0/9/7/1_large.jpg", "8990", "7079", "", "ingyenes", "1 munkanap" 
"7096", "Vans", "Thrasher Pocket Tee - Black", "Főoldal > Divat és ruházat > Férfi póló > Vans Férfi póló", "https://coreshop.hu/hu/termek/thrasher-pocket-tee/7096", "https://coreshop.hu/pictures/termekek/7/0/9/6/1_large.jpg", "8990", "7079", "", "ingyenes", "1 munkanap" 
"7094", "Vans", "Yusuke Skater Death - White", "Főoldal > Divat és ruházat > Férfi póló > Vans Férfi póló", "https://coreshop.hu/hu/termek/yusuke-skater-death/7094", "https://coreshop.hu/pictures/termekek/7/0/9/4/1_large.jpg", "7990", "6291", "", "ingyenes", "1 munkanap" 
"7093", "Vans", "Yusuke Pocket Tee - Antique White", "Főoldal > Divat és ruházat > Férfi póló > Vans Férfi póló", "https://coreshop.hu/hu/termek/yusuke-pocket-tee/7093", "https://coreshop.hu/pictures/termekek/7/0/9/3/1_large.jpg", "7990", "6291", "", "ingyenes", "1 munkanap" 
"7092", "Vans", "OTW Raglan - White/Black", "Főoldal > Divat és ruházat > Férfi póló > Vans Férfi póló", "https://coreshop.hu/hu/termek/otw-raglan/7092", "https://coreshop.hu/pictures/termekek/7/0/9/2/1_large.jpg", "7990", "6291", "", "ingyenes", "1 munkanap" 
"7091", "Vans", "OTW Raglan - Heather Grey/Navy Heather", "Főoldal > Divat és ruházat > Férfi póló > Vans Férfi póló", "https://coreshop.hu/hu/termek/otw-raglan/7091", "https://coreshop.hu/pictures/termekek/7/0/9/1/1_large.jpg", "7990", "6291", "", "ingyenes", "1 munkanap" 
"7047", "Vans", "Pirate Days Pocket Tee - White", "Főoldal > Divat és ruházat > Férfi póló > Vans Férfi póló", "https://coreshop.hu/hu/termek/pirate-days-pocket-tee/7047", "https://coreshop.hu/pictures/termekek/7/0/4/7/1_large.jpg", "7990", "6291", "", "ingyenes", "1 munkanap" 
"6968", "Vans", "Fresh Dressed - Navy", "Főoldal > Divat és ruházat > Férfi póló > Vans Férfi póló", "https://coreshop.hu/hu/termek/fresh-dressed/6968", "https://coreshop.hu/pictures/termekek/6/9/6/8/1_large.jpg", "7990", "6291", "", "ingyenes", "1 munkanap" 
"6855", "Vans", "Ninety Three Raglan - Dress Blues", "Főoldal > Divat és ruházat > Férfi póló > Vans Férfi póló", "https://coreshop.hu/hu/termek/ninety-three-raglan/6855", "https://coreshop.hu/pictures/termekek/6/8/5/5/1_large.jpg", "10990", "8654", "", "ingyenes", "1 munkanap" 
"6854", "Vans", "Block Stripe Pocket Tee - Navy", "Főoldal > Divat és ruházat > Férfi póló > Vans Férfi póló", "https://coreshop.hu/hu/termek/block-stripe-pocket-tee/6854", "https://coreshop.hu/pictures/termekek/6/8/5/4/1_large.jpg", "6990", "5504", "", "ingyenes", "1 munkanap" 
"6853", "Vans", "Block Stripe Pocket Tee - Athletic Heather", "Főoldal > Divat és ruházat > Férfi póló > Vans Férfi póló", "https://coreshop.hu/hu/termek/block-stripe-pocket-tee/6853", "https://coreshop.hu/pictures/termekek/6/8/5/3/1_large.jpg", "6990", "5504", "", "ingyenes", "1 munkanap" 
"6745", "Vans", "Classic - Athletic Heather/Baltic", "Főoldal > Divat és ruházat > Férfi póló > Vans Férfi póló", "https://coreshop.hu/hu/termek/classic/6745", "https://coreshop.hu/pictures/termekek/6/7/4/5/1_large.jpg", "6990", "5504", "Vans rövid ujjú póló, anyaga: 90% pamut, 10% polieszter.", "ingyenes", "1 munkanap" 
"6743", "Vans", "Side Stripe - Athletic Heather", "Főoldal > Divat és ruházat > Férfi póló > Vans Férfi póló", "https://coreshop.hu/hu/termek/side-stripe/6743", "https://coreshop.hu/pictures/termekek/6/7/4/3/1_large.jpg", "7990", "6291", "Vans rövid ujjú póló, anyaga: 90% pamut, 10% polieszter.", "ingyenes", "1 munkanap" 
"6741", "Vans", "Full Chain - Black", "Főoldal > Divat és ruházat > Férfi póló > Vans Férfi póló", "https://coreshop.hu/hu/termek/full-chain/6741", "https://coreshop.hu/pictures/termekek/6/7/4/1/1_large.jpg", "7990", "6291", "Vans rövid ujjú póló, anyaga: 100% pamut.", "ingyenes", "1 munkanap" 
"6724", "Vans", "Yusuke Pocket Tee - White", "Főoldal > Divat és ruházat > Férfi póló > Vans Férfi póló", "https://coreshop.hu/hu/termek/yusuke-pocket-tee/6724", "https://coreshop.hu/pictures/termekek/6/7/2/4/1_large.jpg", "7990", "6291", "A Yusuke Pocket (zsebes) póló, része a Vans X Yusuke Hanai együttműködésnek. Póló anyaga: 100% pamut.", "ingyenes", "1 munkanap" 
"6723", "Vans", "Yusuke Cityscape - Heather Navy", "Főoldal > Divat és ruházat > Férfi póló > Vans Férfi póló", "https://coreshop.hu/hu/termek/yusuke-cityscape/6723", "https://coreshop.hu/pictures/termekek/6/7/2/3/1_large.jpg", "7990", "6291", "A Yusuke Cityscape póló, része a Vans X Yusuke Hanai együttműködésnek. Póló anyaga: 50% pamut, 50% polieszter. ", "ingyenes", "1 munkanap" 
"6722", "Vans", "Tell A Friend - Black", "Főoldal > Divat és ruházat > Férfi póló > Vans Férfi póló", "https://coreshop.hu/hu/termek/tell-a-friend/6722", "https://coreshop.hu/pictures/termekek/6/7/2/2/1_large.jpg", "7990", "6291", "Vans rövid ujjú póló, anyaga: 100% pamut.", "ingyenes", "1 munkanap" 
"6721", "Vans", "Shaping Triblend - Heather Grey", "Főoldal > Divat és ruházat > Férfi póló > Vans Férfi póló", "https://coreshop.hu/hu/termek/shaping-triblend/6721", "https://coreshop.hu/pictures/termekek/6/7/2/1/1_large.jpg", "7990", "6291", "Vans rövid ujjú póló, anyaga: 50% polieszter, 38% pamut, 12% műselyem.", "ingyenes", "1 munkanap" 
"6720", "Vans", "Washed Original Rubber CO - Black Overdye", "Főoldal > Divat és ruházat > Férfi póló > Vans Férfi póló", "https://coreshop.hu/hu/termek/washed-original-rubber-co/6720", "https://coreshop.hu/pictures/termekek/6/7/2/0/1_large.jpg", "7990", "6291", "Vans rövid ujjú póló, anyaga: 100% pamut.", "ingyenes", "1 munkanap" 
"6718", "Vans", "Stenciled II - White/Baltic", "Főoldal > Divat és ruházat > Férfi póló > Vans Férfi póló", "https://coreshop.hu/hu/termek/stenciled-ii/6718", "https://coreshop.hu/pictures/termekek/6/7/1/8/1_large.jpg", "5990", "4717", "Vans rövid ujjú póló, anyaga: 100% pamut.", "ingyenes", "1 munkanap" 
"6435", "Vans", "Van Doren Approved Tee - (50th) Van Doren/Athletic Heather", "Főoldal > Divat és ruházat > Férfi póló > Vans Férfi póló", "https://coreshop.hu/hu/termek/van-doren-approved-tee/6435", "https://coreshop.hu/pictures/termekek/6/4/3/5/1_large.jpg", "6390", "5031", "Steve Van Doren által megálmodott Vans póló, anyaga: 90% pamut, 10% polieszter.", "ingyenes", "1 munkanap" 
"6434", "Vans", "Van Doren Approved Tee - (50th) Van Doren/White", "Főoldal > Divat és ruházat > Férfi póló > Vans Férfi póló", "https://coreshop.hu/hu/termek/van-doren-approved-tee/6434", "https://coreshop.hu/pictures/termekek/6/4/3/4/1_large.jpg", "6390", "5031", "Steve Van Doren által megálmodott Vans póló, anyaga: 90% pamut, 10% polieszter.", "ingyenes", "1 munkanap" 
"6433", "Vans", "Dalton - Blue Mirage", "Főoldal > Divat és ruházat > Férfi póló > Vans Férfi póló", "https://coreshop.hu/hu/termek/dalton/6433", "https://coreshop.hu/pictures/termekek/6/4/3/3/1_large.jpg", "5590", "4402", "Vans rövid ujjú póló, anyaga: 50% pamut, 50% polieszter.", "ingyenes", "1 munkanap" 
"6428", "Vans", "OTW ALE - Black", "Főoldal > Divat és ruházat > Férfi póló > Vans Férfi póló", "https://coreshop.hu/hu/termek/otw-ale/6428", "https://coreshop.hu/pictures/termekek/6/4/2/8/1_large.jpg", "6390", "5031", "Vans rövid ujjú póló, anyaga: 100% pamut.", "ingyenes", "1 munkanap" 
"6425", "Vans", "OTW - Seaport/Racing Red", "Főoldal > Divat és ruházat > Férfi póló > Vans Férfi póló", "https://coreshop.hu/hu/termek/otw/6425", "https://coreshop.hu/pictures/termekek/6/4/2/5/1_large.jpg", "5590", "4402", "Vans rövid ujjú póló, anyaga: 100% pamut.", "ingyenes", "1 munkanap" 
"6424", "Vans", "OTW - Red Dahlia/Bright White", "Főoldal > Divat és ruházat > Férfi póló > Vans Férfi póló", "https://coreshop.hu/hu/termek/otw/6424", "https://coreshop.hu/pictures/termekek/6/4/2/4/1_large.jpg", "5590", "4402", "Vans rövid ujjú póló, anyaga: 100% pamut.", "ingyenes", "1 munkanap" 
"6423", "Vans", "Classic Logo Fill - Navy/True Native Ditsy", "Főoldal > Divat és ruházat > Férfi póló > Vans Férfi póló", "https://coreshop.hu/hu/termek/classic-logo-fill/6423", "https://coreshop.hu/pictures/termekek/6/4/2/3/1_large.jpg", "6390", "5031", "Vans rövid ujjú póló, anyaga: 100% pamut.", "ingyenes", "1 munkanap" 
"6415", "Vans", "Full Patch - White/Black", "Főoldal > Divat és ruházat > Férfi póló > Vans Férfi póló", "https://coreshop.hu/hu/termek/full-patch/6415", "https://coreshop.hu/pictures/termekek/6/4/1/5/1_large.jpg", "5590", "4402", "Vans rövid ujjú póló, anyaga: 100% pamut.", "ingyenes", "1 munkanap" 
"6188", "Vans", "High and Dry - Mint", "Főoldal > Divat és ruházat > Férfi póló > Vans Férfi póló", "https://coreshop.hu/hu/termek/high-and-dry/6188", "https://coreshop.hu/pictures/termekek/6/1/8/8/1_large.jpg", "4990", "3929", "Vans rövid ujjú póló, anyaga: 100% pamut.", "ingyenes", "1 munkanap" 
"6186", "Vans", "Alva Tee - Cardinal", "Főoldal > Divat és ruházat > Férfi póló > Vans Férfi póló", "https://coreshop.hu/hu/termek/alva-tee/6186", "https://coreshop.hu/pictures/termekek/6/1/8/6/1_large.jpg", "4990", "3929", "Vans rövid ujjú póló, anyaga: 100% pamut.", "ingyenes", "1 munkanap" 
"6185", "Vans", "OTW - Rifle Green/Frost Grey", "Főoldal > Divat és ruházat > Férfi póló > Vans Férfi póló", "https://coreshop.hu/hu/termek/otw/6185", "https://coreshop.hu/pictures/termekek/6/1/8/5/1_large.jpg", "4990", "3929", "Vans rövid ujjú póló, anyaga: 100% pamut.", "ingyenes", "1 munkanap" 
"5969", "Vans", "Sk8 Ball - Cardinal", "Főoldal > Divat és ruházat > Férfi póló > Vans Férfi póló", "https://coreshop.hu/hu/termek/sk8-ball/5969", "https://coreshop.hu/pictures/termekek/5/9/6/9/1_large.jpg", "4990", "3929", "Vans rövid ujjú póló, anyaga: 100% pamut.", "ingyenes", "1 munkanap" 
"4709", "Vans", "Classic - White/Black", "Főoldal > Divat és ruházat > Férfi póló > Vans Férfi póló", "https://coreshop.hu/hu/termek/classic/4709", "https://coreshop.hu/pictures/termekek/4/7/0/9/1_large.jpg", "6990", "5504", "Vans rövid ujjú póló, anyaga: 100% pamut.", "ingyenes", "1 munkanap" 
"4476", "Vans", "Classic - Black/White", "Főoldal > Divat és ruházat > Férfi póló > Vans Férfi póló", "https://coreshop.hu/hu/termek/classic/4476", "https://coreshop.hu/pictures/termekek/4/4/7/6/1_large.jpg", "6990", "5504", "Vans rövid ujjú póló, anyaga: 100% pamut.", "ingyenes", "1 munkanap" 
"3013", "Vans", "OTW - White/Black", "Főoldal > Divat és ruházat > Férfi póló > Vans Férfi póló", "https://coreshop.hu/hu/termek/otw/3013", "https://coreshop.hu/pictures/termekek/3/0/1/3/1_large.jpg", "6990", "5504", "Vans rövid ujjú póló, anyaga: 100% pamut.", "ingyenes", "1 munkanap" 
"2969", "Vans", "OTW - Black/White", "Főoldal > Divat és ruházat > Férfi póló > Vans Férfi póló", "https://coreshop.hu/hu/termek/otw/2969", "https://coreshop.hu/pictures/termekek/2/9/6/9/1_large.jpg", "6990", "5504", "Vans rövid ujjú póló, anyaga: 100% pamut.", "ingyenes", "1 munkanap" 
"7090", "Vans", "Flying V Crew - Sea Fog", "Főoldal > Divat és ruházat > Női póló > Vans Női póló", "https://coreshop.hu/hu/termek/flying-v-crew/7090", "https://coreshop.hu/pictures/termekek/7/0/9/0/1_large.jpg", "6990", "5504", "", "ingyenes", "1 munkanap" 
"7089", "Vans", "Flying V Crew - Black", "Főoldal > Divat és ruházat > Női póló > Vans Női póló", "https://coreshop.hu/hu/termek/flying-v-crew/7089", "https://coreshop.hu/pictures/termekek/7/0/8/9/1_large.jpg", "6990", "5504", "", "ingyenes", "1 munkanap" 
"7088", "Vans", "Big Fun Raglan - White/Sea Fog", "Főoldal > Divat és ruházat > Női póló > Vans Női póló", "https://coreshop.hu/hu/termek/big-fun-raglan/7088", "https://coreshop.hu/pictures/termekek/7/0/8/8/1_large.jpg", "7990", "6291", "", "ingyenes", "1 munkanap" 
"7087", "Vans", "Big Fun Raglan - White/Black", "Főoldal > Divat és ruházat > Női póló > Vans Női póló", "https://coreshop.hu/hu/termek/big-fun-raglan/7087", "https://coreshop.hu/pictures/termekek/7/0/8/7/1_large.jpg", "7990", "6291", "", "ingyenes", "1 munkanap" 
"7000", "Vans", "Tangler - White/Black", "Főoldal > Divat és ruházat > Női póló > Vans Női póló", "https://coreshop.hu/hu/termek/tangler/7000", "https://coreshop.hu/pictures/termekek/7/0/0/0/1_large.jpg", "7990", "6291", "", "ingyenes", "1 munkanap" 
"6995", "Vans", "Peanuts Sleeping Snoopy - Black", "Főoldal > Divat és ruházat > Női póló > Vans Női póló", "https://coreshop.hu/hu/termek/peanuts-sleeping-snoopy/6995", "https://coreshop.hu/pictures/termekek/6/9/9/5/1_large.jpg", "7990", "6291", "", "ingyenes", "1 munkanap" 
"6975", "Vans", "Flying V Tank - Beetroot Purple", "Főoldal > Divat és ruházat > Női póló > Vans Női póló", "https://coreshop.hu/hu/termek/flying-v-tank/6975", "https://coreshop.hu/pictures/termekek/6/9/7/5/1_large.jpg", "5990", "4717", "", "ingyenes", "1 munkanap" 
"6974", "Vans", "Wrapped - Black/White", "Főoldal > Divat és ruházat > Női póló > Vans Női póló", "https://coreshop.hu/hu/termek/wrapped/6974", "https://coreshop.hu/pictures/termekek/6/9/7/4/1_large.jpg", "6990", "5504", "", "ingyenes", "1 munkanap" 
"6973", "Vans", "Wrapped - White", "Főoldal > Divat és ruházat > Női póló > Vans Női póló", "https://coreshop.hu/hu/termek/wrapped/6973", "https://coreshop.hu/pictures/termekek/6/9/7/3/1_large.jpg", "6990", "5504", "", "ingyenes", "1 munkanap" 
"6972", "Vans", "Sporty - White/Black", "Főoldal > Divat és ruházat > Női póló > Vans Női póló", "https://coreshop.hu/hu/termek/sporty/6972", "https://coreshop.hu/pictures/termekek/6/9/7/2/1_large.jpg", "7990", "6291", "", "ingyenes", "1 munkanap" 
"6971", "Vans", "Hot Route - White/Black", "Főoldal > Divat és ruházat > Női póló > Vans Női póló", "https://coreshop.hu/hu/termek/hot-route/6971", "https://coreshop.hu/pictures/termekek/6/9/7/1/1_large.jpg", "7990", "6291", "", "ingyenes", "1 munkanap" 
"6713", "Vans", "OMG-WTF Carefree Muscle Raglan - White/Black", "Főoldal > Divat és ruházat > Női póló > Vans Női póló", "https://coreshop.hu/hu/termek/omg-wtf-carefree-muscle-raglan/6713", "https://coreshop.hu/pictures/termekek/6/7/1/3/1_large.jpg", "4990", "3929", "OMG/WTF - Anti Valentin nap kollekció. Vans női póló, anyaga 75% polieszter, 25% pamut.", "ingyenes", "1 munkanap" 
"6712", "Vans", "OMG-WTF Carefree Muscle Raglan - Grey Heather/Pink Lady", "Főoldal > Divat és ruházat > Női póló > Vans Női póló", "https://coreshop.hu/hu/termek/omg-wtf-carefree-muscle-raglan/6712", "https://coreshop.hu/pictures/termekek/6/7/1/2/1_large.jpg", "4990", "3929", "OMG/WTF - Anti Valentin nap kollekció. Vans női póló, anyaga 75% polieszter, 25% pamut.", "ingyenes", "1 munkanap" 
"6625", "Vans", "Toy Story The Claw - White/Black", "Főoldal > Divat és ruházat > Női póló > Vans Női póló", "https://coreshop.hu/hu/termek/toy-story-the-claw/6625", "https://coreshop.hu/pictures/termekek/6/6/2/5/1_large.jpg", "7990", "6291", "A végtelenbe és tovább! A Vans és a Disney Pixar új kollekcióját az eredeti Toy Story – Játékháború film inspirálta. Vans hosszú ujjú póló, anyaga: 100% pamut.", "ingyenes", "1 munkanap" 
"6601", "Vans", "Blending - Infinity", "Főoldal > Divat és ruházat > Női póló > Vans Női póló", "https://coreshop.hu/hu/termek/blending/6601", "https://coreshop.hu/pictures/termekek/6/6/0/1/1_large.jpg", "4990", "3929", "Vans batikolt női póló, anyaga: 100% pamut.", "ingyenes", "1 munkanap" 
"6599", "Vans", "Authentic UK Trap Raglan - Grey Heather/Blue", "Főoldal > Divat és ruházat > Női póló > Vans Női póló", "https://coreshop.hu/hu/termek/authentic-uk-trap-raglan/6599", "https://coreshop.hu/pictures/termekek/6/5/9/9/1_large.jpg", "5990", "4717", "Vans női raglan póló, anyaga: 100% pamut.", "ingyenes", "1 munkanap" 
"6365", "Vans", "(Nintendo) Mariover - White/Black", "Főoldal > Divat és ruházat > Női póló > Vans Női póló", "https://coreshop.hu/hu/termek/(nintendo)-mariover/6365", "https://coreshop.hu/pictures/termekek/6/3/6/5/1_large.jpg", "5990", "4717", "Vans női póló, anyaga: 100% pamut. A Vans és a Nintendo egy igazán ütős, egyedi mintázatú kollekcióval emlékezik meg a videójátékok hőskoráról.", "ingyenes", "1 munkanap" 
"6364", "Vans", "(Nintendo) Mario Warp - Black", "Főoldal > Divat és ruházat > Női póló > Vans Női póló", "https://coreshop.hu/hu/termek/(nintendo)-mario-warp/6364", "https://coreshop.hu/pictures/termekek/6/3/6/4/1_large.jpg", "6990", "5504", "Vans női póló, anyaga: 100% pamut. A Vans és a Nintendo egy igazán ütős, egyedi mintázatú kollekcióval emlékezik meg a videójátékok hőskoráról.", "ingyenes", "1 munkanap" 
"6362", "Vans", "(Nintendo) Princess Castle - Black", "Főoldal > Divat és ruházat > Női póló > Vans Női póló", "https://coreshop.hu/hu/termek/(nintendo)-princess-castle/6362", "https://coreshop.hu/pictures/termekek/6/3/6/2/1_large.jpg", "5990", "4717", "Vans női póló, anyaga: 100% pamut. A Vans és a Nintendo egy igazán ütős, egyedi mintázatú kollekcióval emlékezik meg a videójátékok hőskoráról.", "ingyenes", "1 munkanap" 
"7072", "Vans", "Peanuts Shades - Black", "Főoldal > Divat és ruházat > Napszemüveg > Unisex napszemüveg > Vans Unisex napszemüveg", "https://coreshop.hu/hu/termek/peanuts-shades/7072", "https://coreshop.hu/pictures/termekek/7/0/7/2/1_large.jpg", "5990", "4717", "", "ingyenes", "1 munkanap" 
"7027", "Vans", "Spicoli 4 Shades - Tranclucent Green", "Főoldal > Divat és ruházat > Napszemüveg > Unisex napszemüveg > Vans Unisex napszemüveg", "https://coreshop.hu/hu/termek/spicoli-4-shades/7027", "https://coreshop.hu/pictures/termekek/7/0/2/7/1_large.jpg", "3990", "3142", "", "ingyenes", "1 munkanap" 
"7026", "Vans", "Spicoli 4 Shades - Aqua Sky/Royal", "Főoldal > Divat és ruházat > Napszemüveg > Unisex napszemüveg > Vans Unisex napszemüveg", "https://coreshop.hu/hu/termek/spicoli-4-shades/7026", "https://coreshop.hu/pictures/termekek/7/0/2/6/1_large.jpg", "3990", "3142", "", "ingyenes", "1 munkanap" 
"7025", "Vans", "Horizon Sunglasses - Multi Tortoise", "Főoldal > Divat és ruházat > Napszemüveg > Unisex napszemüveg > Vans Unisex napszemüveg", "https://coreshop.hu/hu/termek/horizon-sunglasses/7025", "https://coreshop.hu/pictures/termekek/7/0/2/5/1_large.jpg", "3990", "3142", "", "ingyenes", "1 munkanap" 
"6748", "Vans", "Squared Off - Dark Slate", "Főoldal > Divat és ruházat > Napszemüveg > Unisex napszemüveg > Vans Unisex napszemüveg", "https://coreshop.hu/hu/termek/squared-off/6748", "https://coreshop.hu/pictures/termekek/6/7/4/8/1_large.jpg", "5990", "4717", "A Vans Squared Off napszemüveg 100% tartós polikarbonátból készül, UV 400 védelemmel ellátott lencsékkel és fém szárra festett Vans-logóval.Követeljük a napsütést! Vegyél fel egy Vans napszemüveget és tüntess te is a napfény mellett!", "ingyenes", "1 munkanap" 
"6178", "Vans", "Squared Off - Black/Black", "Főoldal > Divat és ruházat > Napszemüveg > Unisex napszemüveg > Vans Unisex napszemüveg", "https://coreshop.hu/hu/termek/squared-off/6178", "https://coreshop.hu/pictures/termekek/6/1/7/8/1_large.jpg", "5990", "4717", "A Vans Squared Off napszemüveg 100% tartós polikarbonátból készül, UV 400 védelemmel ellátott lencsékkel és fém szárra festett Vans-logóval.Követeljük a napsütést! Vegyél fel egy Vans napszemüveget és tüntess te is a napfény mellett!", "ingyenes", "1 munkanap" 
"5742", "Vans", "Spicoli 4 Shades - Translucent Honeytortoise/Royal Blue Mirror", "Főoldal > Divat és ruházat > Napszemüveg > Unisex napszemüveg > Vans Unisex napszemüveg", "https://coreshop.hu/hu/termek/spicoli-4-shades/5742", "https://coreshop.hu/pictures/termekek/5/7/4/2/1_large.jpg", "2490", "1961", "A nyolcvanas évek által inspirált Spicoli 4 napszemüveg 100% tartós polikarbonátból készül, UV 400 védelemmel ellátott lencsékkel és szárra festett Vans-logóval.", "ingyenes", "1 munkanap" 
"5495", "Vans", "Spicoli 4 Shades - Matte Black/Silver Mirror", "Főoldal > Divat és ruházat > Napszemüveg > Unisex napszemüveg > Vans Unisex napszemüveg", "https://coreshop.hu/hu/termek/spicoli-4-shades/5495", "https://coreshop.hu/pictures/termekek/5/4/9/5/1_large.jpg", "3490", "2748", "A nyolcvanas évek által inspirált Spicoli 4 napszemüveg 100% tartós polikarbonátból készül, UV 400 védelemmel ellátott lencsékkel és szárra festett Vans-logóval.", "ingyenes", "1 munkanap" 
"4430", "Vans", "Spicoli 4 Shades - Black", "Főoldal > Divat és ruházat > Napszemüveg > Unisex napszemüveg > Vans Unisex napszemüveg", "https://coreshop.hu/hu/termek/spicoli-4-shades/4430", "https://coreshop.hu/pictures/termekek/4/4/3/0/1_large.jpg", "3490", "2748", "A nyolcvanas évek által inspirált Spicoli 4 napszemüveg 100% tartós polikarbonátból készül, UV 400 védelemmel ellátott lencsékkel és szárra festett Vans-logóval.", "ingyenes", "1 munkanap" 
"7176", "Vans", "Old Skool II Backpack - Classic Camo", " Főoldal > Divat és ruházat > Hátizsák > Vans Hátizsák", "https://coreshop.hu/hu/termek/old-skool-ii-backpack/7176", "https://coreshop.hu/pictures/termekek/7/1/7/6/1_large.jpg", "9990", "7866", "", "ingyenes", "1 munkanap" 
"7164", "Vans", "Realm Backpack - Blossom", " Főoldal > Divat és ruházat > Hátizsák > Vans Hátizsák", "https://coreshop.hu/hu/termek/realm-backpack/7164", "https://coreshop.hu/pictures/termekek/7/1/6/4/1_large.jpg", "7990", "6291", "", "ingyenes", "1 munkanap" 
"7163", "Vans", "Benched Novelty Bag - Camo", " Főoldal > Divat és ruházat > Hátizsák > Vans Hátizsák", "https://coreshop.hu/hu/termek/benched-novelty-bag/7163", "https://coreshop.hu/pictures/termekek/7/1/6/3/1_large.jpg", "3990", "3142", "", "ingyenes", "1 munkanap" 
"7083", "Vans", "Old Skool II Backpack - Navy", " Főoldal > Divat és ruházat > Hátizsák > Vans Hátizsák", "https://coreshop.hu/hu/termek/old-skool-ii-backpack/7083", "https://coreshop.hu/pictures/termekek/7/0/8/3/1_large.jpg", "9990", "7866", "", "ingyenes", "1 munkanap" 
"7082", "Vans", "Old Skool II Backpack - Delft Colorblock", " Főoldal > Divat és ruházat > Hátizsák > Vans Hátizsák", "https://coreshop.hu/hu/termek/old-skool-ii-backpack/7082", "https://coreshop.hu/pictures/termekek/7/0/8/2/1_large.jpg", "9990", "7866", "Az Old Skool II hátizsák nagy belsõ térrel és elöl cipzáras zsebbel rendelkezik. Ûrtartalom 22 liter, anyaga 100% poliészter. Szélesség 32.5 cm x Magasság: 42.5 cm x Mélység: 12.5 cm", "ingyenes", "1 munkanap" 
"7081", "Vans", "Thrasher Authentic III SK8PACK - Black", " Főoldal > Divat és ruházat > Hátizsák > Vans Hátizsák", "https://coreshop.hu/hu/termek/thrasher-authentic-iii-sk8pack/7081", "https://coreshop.hu/pictures/termekek/7/0/8/1/1_large.jpg", "17990", "14165", "A Vans Authentic III SK8PACK hátizsák jellemzői: két fő rekesz, párnázott laptoptartó, kis cipzáros első zseb, kulacstartó, dupla pántos gördeszkatartó, továbbá az ergonomikus kialakítású vállpántok. Űrtartalom: 23 liter.", "ingyenes", "1 munkanap" 
"7080", "Vans", "Authentic III SK8PACK - Snow Camo", " Főoldal > Divat és ruházat > Hátizsák > Vans Hátizsák", "https://coreshop.hu/hu/termek/authentic-iii-sk8pack/7080", "https://coreshop.hu/pictures/termekek/7/0/8/0/1_large.jpg", "15990", "12591", "A Vans Authentic III SK8PACK hátizsák jellemzői: két fő rekesz, párnázott laptoptartó, kis cipzáros első zseb, kulacstartó, dupla pántos gördeszkatartó, továbbá az ergonomikus kialakítású vállpántok. Űrtartalom: 23 liter.", "ingyenes", "1 munkanap" 
"7078", "Vans", "Van Doren Original Backpack - Black", " Főoldal > Divat és ruházat > Hátizsák > Vans Hátizsák", "https://coreshop.hu/hu/termek/van-doren-original-backpack/7078", "https://coreshop.hu/pictures/termekek/7/0/7/8/1_large.jpg", "11990", "9441", "A Vans egyik legnépszerűbb táskája, az alapító nevével fémjelzett Van Doren Backpack. Egyszerűség, megbízhatóság és tartósság, mely az "Off The Wall" szellemiségét követi a kezdetek óta. A hátizsák széles belső és első zsebbel rendelkezik. Ûrtartalom 30 liter, anyaga 100% polieszter", "ingyenes", "1 munkanap" 
"7077", "Vans", "Van Doren Original Backpack - Black/White", " Főoldal > Divat és ruházat > Hátizsák > Vans Hátizsák", "https://coreshop.hu/hu/termek/van-doren-original-backpack/7077", "https://coreshop.hu/pictures/termekek/7/0/7/7/1_large.jpg", "10990", "8654", "A Vans egyik legnépszerűbb táskája, az alapító nevével fémjelzett Van Doren Backpack. Egyszerűség, megbízhatóság és tartósság, mely az "Off The Wall" szellemiségét követi a kezdetek óta. A hátizsák széles belső és első zsebbel rendelkezik. Ûrtartalom 30 liter, anyaga 100% polieszter. ", "ingyenes", "1 munkanap" 
"7076", "Vans", "Van Doren Original Backpack - Black/Charcoal", " Főoldal > Divat és ruházat > Hátizsák > Vans Hátizsák", "https://coreshop.hu/hu/termek/van-doren-original-backpack/7076", "https://coreshop.hu/pictures/termekek/7/0/7/6/1_large.jpg", "10990", "8654", "A Vans egyik legnépszerűbb táskája, az alapító nevével fémjelzett Van Doren Backpack. Egyszerűség, megbízhatóság és tartósság, mely az "Off The Wall" szellemiségét követi a kezdetek óta. A hátizsák széles belső és első zsebbel rendelkezik. Ûrtartalom 30 liter, anyaga 100% polieszter", "ingyenes", "1 munkanap" 
"7075", "Vans", "Van Doren III Backpack - Black", " Főoldal > Divat és ruházat > Hátizsák > Vans Hátizsák", "https://coreshop.hu/hu/termek/van-doren-iii-backpack/7075", "https://coreshop.hu/pictures/termekek/7/0/7/5/1_large.jpg", "11990", "9441", "A Vans Van Doren III hátizsák jellemzői: a párnázott laptoptartós nagy fő rekesz, cipzáros első zseb, kulacstartó, továbbá az ergonomikus kialakítású vállpántok. Űrtartalom: 29 liter.", "ingyenes", "1 munkanap" 
"7057", "Vans", "Old Skool II Backpack - Mineral Yellow", " Főoldal > Divat és ruházat > Hátizsák > Vans Hátizsák", "https://coreshop.hu/hu/termek/old-skool-ii-backpack/7057", "https://coreshop.hu/pictures/termekek/7/0/5/7/1_large.jpg", "9990", "7866", "Az Old Skool II hátizsák nagy belsõ térrel és elöl cipzáras zsebbel rendelkezik. Ûrtartalom 22 liter, anyaga 100% poliészter. Szélesség 32.5 cm x Magasság: 42.5 cm x Mélység: 12.5 cm", "ingyenes", "1 munkanap" 
"7056", "Vans", "Old Skool II Backpack - Chili Pepper", " Főoldal > Divat és ruházat > Hátizsák > Vans Hátizsák", "https://coreshop.hu/hu/termek/old-skool-ii-backpack/7056", "https://coreshop.hu/pictures/termekek/7/0/5/6/1_large.jpg", "9990", "7866", "Az Old Skool II hátizsák nagy belsõ térrel és elöl cipzáras zsebbel rendelkezik. Ûrtartalom 22 liter, anyaga 100% poliészter. Szélesség 32.5 cm x Magasság: 42.5 cm x Mélység: 12.5 cm", "ingyenes", "1 munkanap" 
"7055", "Vans", "Old Skool Plus Backpack - Delft/Toffee", " Főoldal > Divat és ruházat > Hátizsák > Vans Hátizsák", "https://coreshop.hu/hu/termek/old-skool-plus-backpack/7055", "https://coreshop.hu/pictures/termekek/7/0/5/5/1_large.jpg", "12990", "10228", "Az Old Skool Plus hátizsák nagy belsõ térrel és elöl cipzáras zsebbel és laptop tartó rekesszel rendelkezik. Ûrtartalom 23 liter, anyaga 100% poliészter. Szélesség 33 cm x Magasság: 44.5 cm x Mélység: 17 cm", "ingyenes", "1 munkanap" 
"7050", "Vans", "Realm Flying V Backpack - Black/Camo", " Főoldal > Divat és ruházat > Hátizsák > Vans Hátizsák", "https://coreshop.hu/hu/termek/realm-flying-v-backpack/7050", "https://coreshop.hu/pictures/termekek/7/0/5/0/1_large.jpg", "9990", "7866", "A Realm hátizsák nagy belsõ térrel és elöl cipzáras zsebbel rendelkezik. Ûrtartalom 22 liter, anyaga 100% poliészter. Szélesség 32.5 cm x Magasság: 42.5 cm x Mélység: 12.5 cm", "ingyenes", "1 munkanap" 
"7049", "Vans", "Realm Flying V Backpack - Pewter Grey/Snow Camo", " Főoldal > Divat és ruházat > Hátizsák > Vans Hátizsák", "https://coreshop.hu/hu/termek/realm-flying-v-backpack/7049", "https://coreshop.hu/pictures/termekek/7/0/4/9/1_large.jpg", "9990", "7866", "A Realm hátizsák nagy belsõ térrel és elöl cipzáras zsebbel rendelkezik. Ûrtartalom 22 liter, anyaga 100% poliészter. Szélesség 32.5 cm x Magasság: 42.5 cm x Mélység: 12.5 cm", "ingyenes", "1 munkanap" 
"7040", "Vans", "Realm Backpack - Sea Fog", " Főoldal > Divat és ruházat > Hátizsák > Vans Hátizsák", "https://coreshop.hu/hu/termek/realm-backpack/7040", "https://coreshop.hu/pictures/termekek/7/0/4/0/1_large.jpg", "7990", "6291", "A Realm hátizsák nagy belsõ térrel és elöl cipzáras zsebbel rendelkezik. Ûrtartalom 22 liter, anyaga 100% poliészter. Szélesség 32.5 cm x Magasság: 42.5 cm x Mélység: 12.5 cm", "ingyenes", "1 munkanap" 
"7032", "Vans", "Realm Backpack - White Ditsy Blooms", " Főoldal > Divat és ruházat > Hátizsák > Vans Hátizsák", "https://coreshop.hu/hu/termek/realm-backpack/7032", "https://coreshop.hu/pictures/termekek/7/0/3/2/1_large.jpg", "9990", "7866", "A Realm hátizsák nagy belsõ térrel és elöl cipzáras zsebbel rendelkezik. Ûrtartalom 22 liter, anyaga 100% poliészter. Szélesség 32.5 cm x Magasság: 42.5 cm x Mélység: 12.5 cm", "ingyenes", "1 munkanap" 
"7031", "Vans", "Benched Bag - White Ditsy Blooms", " Főoldal > Divat és ruházat > Hátizsák > Vans Hátizsák", "https://coreshop.hu/hu/termek/benched-bag/7031", "https://coreshop.hu/pictures/termekek/7/0/3/1/1_large.jpg", "2990", "2354", "", "ingyenes", "1 munkanap" 
"6987", "Vans", "Peanuts Benched Bag - Black", " Főoldal > Divat és ruházat > Hátizsák > Vans Hátizsák", "https://coreshop.hu/hu/termek/peanuts-benched-bag/6987", "https://coreshop.hu/pictures/termekek/6/9/8/7/1_large.jpg", "4990", "3929", "", "ingyenes", "1 munkanap" 
"6965", "Vans", "Authentic III SK8PACK - Concrete/Black", " Főoldal > Divat és ruházat > Hátizsák > Vans Hátizsák", "https://coreshop.hu/hu/termek/authentic-iii-sk8pack/6965", "https://coreshop.hu/pictures/termekek/6/9/6/5/1_large.jpg", "14990", "11803", "A Vans Authentic III SK8PACK hátizsák jellemzői: két fő rekesz, párnázott laptoptartó, kis cipzáros első zseb, kulacstartó, dupla pántos gördeszkatartó, továbbá az ergonomikus kialakítású vállpántok. Űrtartalom: 23 liter.", "ingyenes", "1 munkanap" 
"6959", "Vans", "Born Free - Crown Blue Snake", " Főoldal > Divat és ruházat > Hátizsák > Vans Hátizsák", "https://coreshop.hu/hu/termek/born-free/6959", "https://coreshop.hu/pictures/termekek/6/9/5/9/1_large.jpg", "7990", "6291", "", "ingyenes", "1 munkanap" 
"6629", "Vans", "Toy Story Old Skool II Backpack - Buzz Lightyear", " Főoldal > Divat és ruházat > Hátizsák > Vans Hátizsák", "https://coreshop.hu/hu/termek/toy-story-old-skool-ii-backpack/6629", "https://coreshop.hu/pictures/termekek/6/6/2/9/1_large.jpg", "7990", "6291", "A Vans és a Disney Pixar felfedezi a végtelent, és ami azon túl van! Andy kedvenc játékai elevenednek meg az új kollekció darabjain, pont úgy, ahogy az első részben láthattuk őket. A Toy Story hátizsák nagy belső térrel és elöl cipzáras zsebbel rendelkezik. Űrtartalom 22 liter, anyaga 100% poliészter. Szélesség 32.5 cm x Magasság: 42.5 cm x Mélység: 12.5 cm", "ingyenes", "1 munkanap" 
"6627", "Vans", "Toy Story Backpack - Toys", " Főoldal > Divat és ruházat > Hátizsák > Vans Hátizsák", "https://coreshop.hu/hu/termek/toy-story-backpack/6627", "https://coreshop.hu/pictures/termekek/6/6/2/7/1_large.jpg", "7990", "6291", "A Vans és a Disney Pixar felfedezi a végtelent, és ami azon túl van! Andy kedvenc játékai elevenednek meg az új kollekció darabjain, pont úgy, ahogy az első részben láthattuk őket. A Toy Story hátizsák nagy belső térrel és elöl cipzáras zsebbel rendelkezik. Űrtartalom 22 liter, anyaga 100% poliészter. Szélesség 32.5 cm x Magasság: 42.5 cm x Mélység: 12.5 cm", "ingyenes", "1 munkanap" 
"6626", "Vans", "Toy Story Backpack - Woody", " Főoldal > Divat és ruházat > Hátizsák > Vans Hátizsák", "https://coreshop.hu/hu/termek/toy-story-backpack/6626", "https://coreshop.hu/pictures/termekek/6/6/2/6/1_large.jpg", "7990", "6291", "A Vans és a Disney Pixar felfedezi a végtelent, és ami azon túl van! Andy kedvenc játékai elevenednek meg az új kollekció darabjain, pont úgy, ahogy az első részben láthattuk őket. A Toy Story hátizsák nagy belső térrel és elöl cipzáras zsebbel rendelkezik. Űrtartalom 22 liter, anyaga 100% poliészter. Szélesség 32.5 cm x Magasság: 42.5 cm x Mélység: 12.5 cm", "ingyenes", "1 munkanap" 
"6294", "Vans", "Benched Bag - Onyx", " Főoldal > Divat és ruházat > Hátizsák > Vans Hátizsák", "https://coreshop.hu/hu/termek/benched-bag/6294", "https://coreshop.hu/pictures/termekek/6/2/9/4/1_large.jpg", "2990", "2354", "Vans tornazsák, anyaga: 100% poleszter.", "ingyenes", "1 munkanap" 
"5283", "Vans", "Old Skool II Backpack - Black/White", " Főoldal > Divat és ruházat > Hátizsák > Vans Hátizsák", "https://coreshop.hu/hu/termek/old-skool-ii-backpack/5283", "https://coreshop.hu/pictures/termekek/5/2/8/3/1_large.jpg", "7990", "6291", "Az Old Skool II hátizsák nagy belsõ térrel és elöl cipzáras zsebbel rendelkezik. Ûrtartalom 22 liter, anyaga 100% poliészter. Szélesség 32.5 cm x Magasság: 42.5 cm x Mélység: 12.5 cm", "ingyenes", "1 munkanap" 
